YearID,MonthID,MNo,Total
2008,9,163,2
2008,10,6,1
2008,10,163,5
2008,10,165,2
2008,11,163,3
2008,11,165,2
2008,12,162,1
2008,12,163,1
2008,12,165,2
2009,1,165,4
2009,2,6,1
2009,2,158,1
2009,2,165,3
2009,3,6,3
2009,3,163,1
2009,3,165,1
2009,4,6,2
2009,4,160,1
2009,4,165,1
2009,5,76,3
2009,5,163,1
2009,5,176,1
2009,5,177,2
2009,6,6,1
2009,6,76,1
2009,6,163,1
2009,6,165,1
2009,6,170,1
2009,6,176,2
2009,7,76,1
2009,7,84,1
2009,7,177,7
2009,7,184,1
2009,8,125,1
2009,8,141,1
2009,8,165,3
2009,8,176,3
2009,8,177,1
2009,8,184,1
2009,9,163,1
2009,9,165,3
2009,9,176,3
2009,9,177,4
2009,9,184,3
2009,10,125,1
2009,10,163,2
2009,10,165,4
2009,10,166,3
2009,10,176,18
2009,10,184,1
2009,10,200,1
2009,11,114,1
2009,11,125,1
2009,11,163,1
2009,11,165,6
2009,11,166,1
2009,11,176,34
2009,11,177,8
2009,11,184,2
2009,11,185,1
2009,11,193,2
2009,11,194,1
2009,11,200,1
2009,11,202,1
2009,12,113,1
2009,12,114,1
2009,12,137,1
2009,12,163,3
2009,12,165,1
2009,12,176,31
2009,12,177,10
2009,12,178,1
2009,12,184,3
2009,12,190,2
2009,12,200,1
2009,12,202,1
2010,1,20,1
2010,1,113,4
2010,1,114,3
2010,1,125,1
2010,1,127,1
2010,1,136,1
2010,1,140,1
2010,1,165,3
2010,1,176,31
2010,1,177,7
2010,1,183,2
2010,1,184,4
2010,1,187,4
2010,1,193,2
2010,1,197,1
2010,1,200,2
2010,2,113,2
2010,2,114,3
2010,2,125,1
2010,2,135,1
2010,2,140,2
2010,2,163,1
2010,2,165,3
2010,2,176,29
2010,2,177,8
2010,2,184,2
2010,2,187,1
2010,2,193,1
2010,2,197,1
2010,2,200,3
2010,3,20,1
2010,3,76,2
2010,3,114,4
2010,3,125,1
2010,3,127,1
2010,3,135,3
2010,3,140,1
2010,3,141,1
2010,3,163,1
2010,3,165,1
2010,3,176,25
2010,3,177,6
2010,3,182,1
2010,3,183,1
2010,3,184,6
2010,3,200,1
2010,3,201,1
2010,3,202,1
2010,4,76,1
2010,4,113,6
2010,4,114,3
2010,4,115,1
2010,4,125,1
2010,4,137,1
2010,4,138,1
2010,4,176,19
2010,4,177,7
2010,4,183,2
2010,4,184,8
2010,4,185,1
2010,4,190,1
2010,4,193,1
2010,4,202,1
2010,4,203,2
2010,5,7,1
2010,5,113,2
2010,5,114,2
2010,5,140,1
2010,5,152,4
2010,5,176,36
2010,5,177,5
2010,5,182,1
2010,5,184,3
2010,5,203,1
2010,6,113,4
2010,6,114,2
2010,6,117,1
2010,6,129,1
2010,6,141,1
2010,6,163,1
2010,6,165,3
2010,6,176,65
2010,6,177,5
2010,6,182,1
2010,6,183,1
2010,6,184,8
2010,6,185,1
2010,6,193,2
2010,6,197,1
2010,6,201,1
2010,6,203,1
2010,7,20,3
2010,7,114,3
2010,7,125,2
2010,7,136,1
2010,7,140,1
2010,7,141,1
2010,7,176,50
2010,7,177,2
2010,7,183,1
2010,7,184,14
2010,7,185,1
2010,7,186,2
2010,7,193,2
2010,7,197,1
2010,7,218,1
2010,7,224,2
2010,8,20,2
2010,8,113,1
2010,8,114,8
2010,8,140,1
2010,8,176,77
2010,8,177,4
2010,8,182,1
2010,8,183,1
2010,8,184,7
2010,8,197,2
2010,8,200,1
2010,8,203,2
2010,8,205,1
2010,8,208,1
2010,8,209,1
2010,8,223,1
2010,8,224,1
2010,9,20,1
2010,9,113,2
2010,9,114,2
2010,9,115,1
2010,9,125,1
2010,9,127,3
2010,9,129,1
2010,9,135,1
2010,9,141,1
2010,9,176,45
2010,9,177,2
2010,9,182,1
2010,9,183,3
2010,9,184,6
2010,9,188,1
2010,9,190,3
2010,9,197,2
2010,9,198,1
2010,9,203,1
2010,9,205,1
2010,10,20,2
2010,10,76,1
2010,10,113,3
2010,10,114,10
2010,10,115,7
2010,10,125,3
2010,10,127,4
2010,10,159,7
2010,10,166,1
2010,10,176,45
2010,10,177,3
2010,10,182,1
2010,10,183,1
2010,10,184,7
2010,10,187,2
2010,10,188,1
2010,10,190,1
2010,10,200,1
2010,10,201,1
2010,10,203,3
2010,10,205,1
2010,10,223,1
2010,11,76,3
2010,11,102,1
2010,11,114,10
2010,11,115,3
2010,11,125,8
2010,11,135,1
2010,11,136,1
2010,11,137,1
2010,11,141,4
2010,11,159,2
2010,11,164,1
2010,11,165,1
2010,11,176,79
2010,11,177,2
2010,11,182,1
2010,11,183,5
2010,11,184,21
2010,11,190,5
2010,11,197,1
2010,11,203,1
2010,11,209,2
2010,11,213,3
2010,11,218,1
2010,11,219,1
2010,11,227,1
2010,12,20,1
2010,12,76,3
2010,12,102,1
2010,12,113,1
2010,12,114,14
2010,12,115,4
2010,12,123,2
2010,12,125,8
2010,12,141,3
2010,12,159,2
2010,12,164,1
2010,12,165,1
2010,12,176,330
2010,12,177,3
2010,12,182,2
2010,12,183,5
2010,12,184,23
2010,12,185,1
2010,12,190,7
2010,12,196,1
2010,12,197,1
2010,12,200,2
2010,12,202,1
2010,12,223,2
2010,12,224,1
2011,1,20,2
2011,1,113,2
2011,1,114,6
2011,1,115,8
2011,1,125,5
2011,1,127,3
2011,1,129,12
2011,1,135,1
2011,1,140,1
2011,1,141,1
2011,1,159,5
2011,1,170,1
2011,1,176,395
2011,1,177,1
2011,1,182,2
2011,1,183,2
2011,1,184,18
2011,1,187,2
2011,1,190,4
2011,1,197,1
2011,1,198,1
2011,1,200,1
2011,1,203,5
2011,1,213,1
2011,1,218,3
2011,1,223,1
2011,1,234,2
2011,2,20,2
2011,2,76,2
2011,2,113,1
2011,2,114,10
2011,2,125,6
2011,2,127,1
2011,2,136,2
2011,2,140,2
2011,2,141,2
2011,2,158,1
2011,2,159,4
2011,2,164,1
2011,2,176,446
2011,2,177,5
2011,2,182,1
2011,2,183,1
2011,2,184,12
2011,2,187,1
2011,2,188,2
2011,2,190,4
2011,2,197,3
2011,2,200,8
2011,2,202,1
2011,2,203,3
2011,2,205,2
2011,2,213,1
2011,2,217,1
2011,2,218,3
2011,2,223,3
2011,2,234,2
2011,2,238,1
2011,3,76,2
2011,3,113,1
2011,3,114,22
2011,3,125,11
2011,3,135,2
2011,3,136,6
2011,3,141,1
2011,3,158,1
2011,3,164,1
2011,3,176,536
2011,3,177,3
2011,3,182,3
2011,3,183,10
2011,3,184,9
2011,3,187,7
2011,3,188,1
2011,3,190,19
2011,3,193,1
2011,3,198,2
2011,3,203,9
2011,3,217,2
2011,3,218,2
2011,3,223,7
2011,3,234,14
2011,3,238,1
2011,4,76,6
2011,4,113,1
2011,4,114,8
2011,4,125,4
2011,4,136,2
2011,4,141,11
2011,4,176,498
2011,4,182,3
2011,4,183,1
2011,4,184,12
2011,4,187,1
2011,4,190,11
2011,4,197,4
2011,4,198,2
2011,4,203,2
2011,4,217,1
2011,4,218,3
2011,4,219,1
2011,4,234,9
2011,4,238,6
2011,5,20,1
2011,5,76,1
2011,5,113,1
2011,5,114,9
2011,5,125,3
2011,5,140,1
2011,5,141,1
2011,5,164,3
2011,5,176,476
2011,5,177,3
2011,5,183,2
2011,5,184,19
2011,5,187,3
2011,5,190,2
2011,5,197,3
2011,5,198,2
2011,5,203,4
2011,5,205,1
2011,5,217,1
2011,5,218,1
2011,5,219,1
2011,5,223,7
2011,5,234,6
2011,5,238,1
2011,5,245,2
2011,6,76,4
2011,6,114,3
2011,6,125,6
2011,6,137,1
2011,6,140,1
2011,6,158,1
2011,6,159,1
2011,6,164,1
2011,6,170,1
2011,6,176,348
2011,6,183,1
2011,6,184,16
2011,6,185,1
2011,6,187,1
2011,6,197,2
2011,6,203,6
2011,6,217,1
2011,6,218,1
2011,6,223,1
2011,6,234,10
2011,6,237,1
2011,6,245,1
2011,6,246,1
2011,7,84,1
2011,7,113,2
2011,7,114,7
2011,7,125,1
2011,7,135,1
2011,7,138,3
2011,7,140,2
2011,7,141,1
2011,7,159,1
2011,7,176,354
2011,7,177,1
2011,7,182,1
2011,7,183,2
2011,7,184,9
2011,7,187,1
2011,7,190,2
2011,7,197,3
2011,7,198,1
2011,7,203,8
2011,7,205,1
2011,7,217,2
2011,7,218,3
2011,7,219,1
2011,7,221,5
2011,7,223,3
2011,7,234,13
2011,7,237,1
2011,7,238,1
2011,7,243,1
2011,7,245,3
2011,7,246,2
2011,7,247,1
2011,8,20,1
2011,8,114,5
2011,8,136,1
2011,8,141,1
2011,8,159,11
2011,8,164,1
2011,8,176,364
2011,8,177,3
2011,8,182,1
2011,8,184,14
2011,8,190,4
2011,8,197,1
2011,8,203,8
2011,8,205,1
2011,8,218,1
2011,8,221,4
2011,8,223,3
2011,8,234,5
2011,8,237,1
2011,8,238,1
2011,8,246,1
2011,8,247,3
2011,9,20,2
2011,9,76,2
2011,9,114,6
2011,9,125,1
2011,9,141,2
2011,9,159,4
2011,9,176,304
2011,9,177,4
2011,9,182,2
2011,9,184,13
2011,9,187,1
2011,9,190,1
2011,9,197,9
2011,9,203,4
2011,9,205,4
2011,9,218,2
2011,9,223,1
2011,9,224,2
2011,9,226,1
2011,9,234,6
2011,9,238,1
2011,9,244,2
2011,9,245,4
2011,9,246,4
2011,10,20,3
2011,10,21,1
2011,10,84,1
2011,10,114,4
2011,10,115,2
2011,10,125,1
2011,10,135,1
2011,10,140,1
2011,10,141,11
2011,10,159,11
2011,10,164,7
2011,10,176,344
2011,10,182,1
2011,10,183,2
2011,10,184,16
2011,10,190,3
2011,10,197,3
2011,10,201,1
2011,10,203,4
2011,10,205,8
2011,10,217,2
2011,10,218,3
2011,10,223,3
2011,10,225,1
2011,10,234,6
2011,10,245,5
2011,10,246,1
2011,10,247,4
2011,10,254,1
2011,11,20,4
2011,11,76,6
2011,11,114,3
2011,11,115,2
2011,11,135,1
2011,11,136,5
2011,11,141,11
2011,11,158,1
2011,11,159,10
2011,11,176,242
2011,11,177,1
2011,11,182,3
2011,11,184,9
2011,11,187,4
2011,11,190,8
2011,11,193,1
2011,11,197,3
2011,11,203,2
2011,11,205,6
2011,11,219,1
2011,11,221,1
2011,11,223,4
2011,11,225,4
2011,11,234,2
2011,11,237,3
2011,11,245,1
2011,11,246,2
2011,11,247,4
2011,11,254,47
2011,12,20,1
2011,12,21,1
2011,12,76,7
2011,12,84,1
2011,12,114,8
2011,12,125,2
2011,12,136,4
2011,12,158,1
2011,12,159,3
2011,12,164,2
2011,12,176,267
2011,12,177,1
2011,12,184,10
2011,12,187,3
2011,12,190,6
2011,12,198,2
2011,12,201,1
2011,12,203,3
2011,12,205,2
2011,12,217,2
2011,12,223,7
2011,12,234,1
2011,12,237,1
2011,12,243,1
2011,12,244,1
2011,12,245,1
2011,12,246,2
2011,12,247,2
2011,12,254,33
2012,1,20,3
2012,1,76,7
2012,1,84,13
2012,1,114,3
2012,1,125,1
2012,1,135,1
2012,1,138,3
2012,1,158,1
2012,1,159,23
2012,1,164,7
2012,1,176,204
2012,1,177,3
2012,1,182,3
2012,1,184,6
2012,1,190,2
2012,1,193,2
2012,1,197,4
2012,1,203,3
2012,1,205,4
2012,1,218,1
2012,1,223,2
2012,1,234,8
2012,1,237,1
2012,1,246,5
2012,1,247,3
2012,1,254,109
2012,1,266,5
2012,2,20,1
2012,2,76,6
2012,2,84,21
2012,2,114,1
2012,2,125,6
2012,2,138,1
2012,2,141,1
2012,2,159,21
2012,2,163,1
2012,2,176,102
2012,2,182,2
2012,2,183,2
2012,2,184,2
2012,2,197,3
2012,2,200,1
2012,2,203,1
2012,2,205,2
2012,2,209,1
2012,2,218,1
2012,2,219,1
2012,2,223,4
2012,2,234,3
2012,2,235,1
2012,2,237,2
2012,2,245,1
2012,2,246,4
2012,2,247,2
2012,2,254,114
2012,3,76,5
2012,3,84,21
2012,3,114,2
2012,3,125,2
2012,3,129,3
2012,3,135,3
2012,3,138,1
2012,3,140,1
2012,3,159,18
2012,3,164,2
2012,3,176,111
2012,3,177,1
2012,3,182,3
2012,3,184,5
2012,3,190,2
2012,3,197,1
2012,3,200,2
2012,3,203,2
2012,3,205,2
2012,3,219,1
2012,3,223,3
2012,3,225,1
2012,3,227,3
2012,3,234,5
2012,3,237,2
2012,3,246,2
2012,3,247,3
2012,3,252,1
2012,3,254,162
2012,4,20,2
2012,4,76,2
2012,4,84,5
2012,4,135,1
2012,4,138,1
2012,4,140,1
2012,4,159,18
2012,4,164,1
2012,4,168,1
2012,4,176,79
2012,4,182,1
2012,4,184,8
2012,4,190,1
2012,4,193,1
2012,4,197,1
2012,4,198,2
2012,4,200,2
2012,4,203,1
2012,4,209,1
2012,4,219,1
2012,4,223,1
2012,4,234,4
2012,4,245,1
2012,4,246,4
2012,4,247,2
2012,4,254,119
2012,4,266,3
2012,5,20,1
2012,5,76,3
2012,5,84,25
2012,5,114,1
2012,5,135,4
2012,5,136,2
2012,5,138,4
2012,5,159,18
2012,5,164,6
2012,5,176,103
2012,5,183,1
2012,5,184,7
2012,5,190,3
2012,5,197,2
2012,5,205,1
2012,5,218,3
2012,5,223,3
2012,5,224,3
2012,5,227,3
2012,5,234,6
2012,5,245,2
2012,5,246,4
2012,5,247,2
2012,5,254,178
2012,5,257,1
2012,5,266,2
2012,6,20,2
2012,6,76,1
2012,6,84,18
2012,6,114,3
2012,6,135,5
2012,6,136,1
2012,6,138,1
2012,6,159,17
2012,6,164,2
2012,6,176,65
2012,6,182,1
2012,6,184,31
2012,6,187,1
2012,6,190,2
2012,6,197,1
2012,6,200,3
2012,6,203,8
2012,6,205,1
2012,6,206,1
2012,6,218,1
2012,6,221,1
2012,6,224,1
2012,6,225,1
2012,6,227,2
2012,6,228,1
2012,6,234,3
2012,6,237,9
2012,6,241,1
2012,6,245,2
2012,6,246,5
2012,6,247,3
2012,6,252,1
2012,6,254,168
2012,6,266,2
2012,7,20,6
2012,7,76,6
2012,7,84,18
2012,7,114,1
2012,7,135,5
2012,7,159,21
2012,7,164,1
2012,7,176,96
2012,7,182,4
2012,7,184,12
2012,7,190,4
2012,7,200,1
2012,7,203,3
2012,7,205,2
2012,7,218,1
2012,7,223,2
2012,7,224,2
2012,7,234,7
2012,7,237,1
2012,7,241,1
2012,7,245,2
2012,7,246,3
2012,7,254,154
2012,7,257,2
2012,7,266,2
2012,8,20,3
2012,8,76,3
2012,8,84,5
2012,8,114,2
2012,8,135,2
2012,8,159,13
2012,8,176,58
2012,8,182,1
2012,8,184,3
2012,8,197,1
2012,8,200,10
2012,8,203,1
2012,8,223,2
2012,8,228,1
2012,8,234,2
2012,8,245,1
2012,8,246,3
2012,8,254,109
2012,8,276,1
2012,9,20,4
2012,9,76,2
2012,9,84,10
2012,9,114,4
2012,9,135,7
2012,9,141,1
2012,9,159,15
2012,9,164,1
2012,9,166,1
2012,9,176,86
2012,9,182,1
2012,9,184,9
2012,9,190,1
2012,9,197,1
2012,9,203,3
2012,9,223,2
2012,9,224,3
2012,9,227,1
2012,9,234,7
2012,9,237,1
2012,9,246,7
2012,9,254,168
2012,9,257,3
2012,9,266,1
2012,9,267,2
2012,10,20,1
2012,10,76,3
2012,10,84,10
2012,10,114,1
2012,10,129,1
2012,10,138,2
2012,10,159,13
2012,10,164,7
2012,10,166,1
2012,10,176,91
2012,10,182,4
2012,10,184,8
2012,10,190,2
2012,10,197,2
2012,10,203,2
2012,10,205,3
2012,10,223,1
2012,10,225,2
2012,10,227,1
2012,10,228,1
2012,10,234,7
2012,10,241,28
2012,10,244,1
2012,10,245,2
2012,10,246,4
2012,10,254,170
2012,10,266,1
2012,10,267,6
2012,11,20,1
2012,11,21,6
2012,11,76,9
2012,11,84,15
2012,11,114,4
2012,11,129,2
2012,11,135,5
2012,11,138,1
2012,11,159,10
2012,11,164,4
2012,11,176,70
2012,11,182,5
2012,11,184,16
2012,11,190,4
2012,11,197,1
2012,11,200,4
2012,11,203,3
2012,11,205,3
2012,11,224,2
2012,11,225,1
2012,11,234,7
2012,11,241,38
2012,11,245,1
2012,11,246,5
2012,11,247,1
2012,11,254,174
2012,11,266,2
2012,11,267,3
2012,11,268,3
2012,11,274,1
2012,12,20,5
2012,12,76,5
2012,12,84,15
2012,12,114,8
2012,12,135,4
2012,12,140,1
2012,12,141,1
2012,12,159,7
2012,12,164,1
2012,12,176,95
2012,12,177,1
2012,12,182,4
2012,12,184,11
2012,12,190,1
2012,12,200,4
2012,12,206,1
2012,12,223,1
2012,12,224,1
2012,12,234,6
2012,12,237,1
2012,12,241,36
2012,12,245,1
2012,12,246,3
2012,12,247,1
2012,12,254,144
2012,12,267,10
2012,12,274,1
2013,1,20,2
2013,1,76,1
2013,1,84,11
2013,1,114,8
2013,1,135,1
2013,1,138,2
2013,1,141,1
2013,1,159,16
2013,1,164,1
2013,1,176,99
2013,1,177,1
2013,1,182,4
2013,1,184,8
2013,1,190,3
2013,1,200,3
2013,1,203,1
2013,1,209,2
2013,1,224,2
2013,1,227,1
2013,1,234,7
2013,1,241,27
2013,1,245,2
2013,1,246,2
2013,1,247,4
2013,1,254,136
2013,1,264,1
2013,1,267,2
2013,1,272,1
2013,1,274,1
2013,2,20,2
2013,2,84,11
2013,2,114,2
2013,2,135,2
2013,2,141,1
2013,2,159,10
2013,2,176,46
2013,2,177,1
2013,2,182,2
2013,2,183,1
2013,2,184,13
2013,2,197,1
2013,2,200,2
2013,2,205,1
2013,2,224,2
2013,2,234,9
2013,2,241,5
2013,2,245,2
2013,2,246,6
2013,2,254,127
2013,2,257,1
2013,2,267,36
2013,2,280,1
2013,2,281,2
2013,3,20,7
2013,3,76,3
2013,3,84,8
2013,3,114,2
2013,3,135,3
2013,3,136,1
2013,3,141,2
2013,3,159,6
2013,3,164,1
2013,3,176,59
2013,3,182,3
2013,3,184,3
2013,3,190,1
2013,3,198,2
2013,3,227,1
2013,3,234,6
2013,3,241,7
2013,3,245,2
2013,3,246,2
2013,3,254,161
2013,3,257,1
2013,3,266,1
2013,3,274,2
2013,3,284,2
2013,4,20,1
2013,4,76,4
2013,4,84,10
2013,4,113,1
2013,4,114,7
2013,4,125,1
2013,4,136,1
2013,4,141,1
2013,4,152,1
2013,4,159,7
2013,4,164,1
2013,4,176,68
2013,4,182,2
2013,4,184,21
2013,4,190,1
2013,4,203,1
2013,4,205,1
2013,4,218,1
2013,4,234,9
2013,4,241,6
2013,4,244,1
2013,4,245,2
2013,4,246,6
2013,4,254,156
2013,4,257,1
2013,4,264,1
2013,4,274,1
2013,5,20,4
2013,5,21,2
2013,5,76,2
2013,5,84,21
2013,5,114,7
2013,5,129,1
2013,5,135,2
2013,5,138,1
2013,5,158,1
2013,5,159,4
2013,5,164,2
2013,5,168,3
2013,5,176,74
2013,5,182,3
2013,5,184,20
2013,5,190,4
2013,5,200,1
2013,5,203,2
2013,5,205,2
2013,5,224,1
2013,5,234,6
2013,5,241,3
2013,5,244,1
2013,5,246,4
2013,5,254,180
2013,5,257,8
2013,5,264,1
2013,5,266,1
2013,5,267,23
2013,5,279,1
2013,5,287,1
2013,6,20,3
2013,6,76,1
2013,6,84,21
2013,6,114,8
2013,6,135,7
2013,6,136,1
2013,6,138,2
2013,6,158,1
2013,6,159,9
2013,6,170,1
2013,6,176,88
2013,6,177,1
2013,6,183,1
2013,6,184,18
2013,6,190,3
2013,6,197,3
2013,6,200,3
2013,6,201,1
2013,6,203,1
2013,6,217,1
2013,6,234,13
2013,6,241,12
2013,6,245,3
2013,6,246,5
2013,6,247,1
2013,6,248,6
2013,6,254,182
2013,6,257,4
2013,6,267,57
2013,6,279,2
2013,6,280,1
2013,6,284,1
2013,6,287,2
2013,7,20,6
2013,7,21,1
2013,7,76,3
2013,7,84,12
2013,7,114,10
2013,7,135,2
2013,7,159,3
2013,7,164,1
2013,7,176,81
2013,7,182,3
2013,7,184,20
2013,7,190,5
2013,7,197,4
2013,7,200,1
2013,7,205,1
2013,7,218,1
2013,7,234,16
2013,7,241,8
2013,7,245,1
2013,7,246,10
2013,7,247,4
2013,7,254,130
2013,7,267,73
2013,7,274,1
2013,7,287,8
2013,8,20,1
2013,8,21,1
2013,8,76,5
2013,8,84,9
2013,8,114,4
2013,8,176,52
2013,8,184,27
2013,8,190,1
2013,8,197,1
2013,8,200,7
2013,8,217,1
2013,8,224,3
2013,8,225,1
2013,8,234,10
2013,8,241,8
2013,8,246,5
2013,8,247,4
2013,8,254,109
2013,8,267,64
2013,8,287,29
2013,8,290,3
2013,9,20,6
2013,9,76,7
2013,9,84,19
2013,9,113,1
2013,9,114,4
2013,9,135,2
2013,9,140,1
2013,9,159,1
2013,9,164,1
2013,9,176,71
2013,9,182,3
2013,9,184,29
2013,9,200,5
2013,9,223,1
2013,9,224,1
2013,9,234,4
2013,9,241,10
2013,9,245,2
2013,9,246,14
2013,9,254,133
2013,9,267,101
2013,9,274,6
2013,9,287,13
2013,9,288,2
2013,9,291,2
2013,10,20,4
2013,10,21,2
2013,10,76,7
2013,10,84,9
2013,10,114,6
2013,10,135,2
2013,10,141,1
2013,10,173,1
2013,10,176,32
2013,10,182,1
2013,10,184,11
2013,10,190,2
2013,10,197,3
2013,10,200,9
2013,10,203,1
2013,10,234,2
2013,10,241,8
2013,10,244,1
2013,10,246,3
2013,10,254,104
2013,10,267,46
2013,10,274,3
2013,10,287,5
2013,10,288,2
2013,10,289,1
2013,11,20,10
2013,11,21,1
2013,11,76,8
2013,11,84,11
2013,11,114,5
2013,11,129,2
2013,11,135,1
2013,11,164,1
2013,11,170,1
2013,11,176,50
2013,11,182,2
2013,11,184,8
2013,11,190,3
2013,11,197,3
2013,11,200,12
2013,11,224,2
2013,11,234,6
2013,11,241,5
2013,11,245,1
2013,11,247,2
2013,11,254,83
2013,11,266,1
2013,11,267,58
2013,11,274,2
2013,11,287,8
2013,11,288,2
2013,11,289,1
2013,11,290,3
2013,11,293,1
2013,12,20,12
2013,12,76,12
2013,12,84,15
2013,12,114,5
2013,12,129,2
2013,12,135,3
2013,12,158,1
2013,12,159,1
2013,12,170,2
2013,12,176,30
2013,12,182,2
2013,12,183,1
2013,12,184,9
2013,12,197,1
2013,12,200,12
2013,12,209,1
2013,12,223,2
2013,12,234,6
2013,12,241,2
2013,12,244,1
2013,12,246,5
2013,12,254,71
2013,12,267,56
2013,12,274,3
2013,12,281,1
2013,12,287,23
2013,12,288,1
2013,12,290,3
2013,12,293,43
2014,1,20,6
2014,1,21,3
2014,1,76,17
2014,1,84,31
2014,1,114,5
2014,1,129,2
2014,1,135,1
2014,1,176,37
2014,1,182,5
2014,1,183,1
2014,1,184,36
2014,1,190,1
2014,1,197,2
2014,1,200,14
2014,1,223,1
2014,1,227,2
2014,1,234,12
2014,1,241,2
2014,1,245,4
2014,1,246,8
2014,1,247,5
2014,1,254,45
2014,1,256,1
2014,1,267,79
2014,1,274,3
2014,1,279,1
2014,1,281,1
2014,1,287,17
2014,1,288,2
2014,1,289,1
2014,1,290,2
2014,1,293,116
2014,2,20,14
2014,2,21,1
2014,2,76,14
2014,2,84,11
2014,2,114,17
2014,2,170,1
2014,2,176,47
2014,2,182,10
2014,2,184,34
2014,2,190,6
2014,2,200,17
2014,2,223,1
2014,2,224,3
2014,2,234,7
2014,2,241,3
2014,2,244,3
2014,2,245,2
2014,2,246,8
2014,2,247,5
2014,2,254,32
2014,2,267,112
2014,2,274,4
2014,2,279,3
2014,2,280,2
2014,2,281,3
2014,2,283,1
2014,2,284,1
2014,2,287,14
2014,2,288,4
2014,2,289,1
2014,2,290,2
2014,2,293,133
2014,2,297,4
2014,3,20,10
2014,3,21,1
2014,3,76,16
2014,3,84,16
2014,3,114,29
2014,3,129,5
2014,3,135,12
2014,3,141,2
2014,3,164,1
2014,3,170,2
2014,3,176,51
2014,3,182,8
2014,3,184,57
2014,3,190,2
2014,3,200,20
2014,3,201,1
2014,3,205,2
2014,3,227,2
2014,3,228,1
2014,3,234,7
2014,3,241,5
2014,3,244,4
2014,3,246,10
2014,3,247,4
2014,3,254,20
2014,3,267,109
2014,3,274,2
2014,3,279,2
2014,3,280,1
2014,3,281,3
2014,3,284,1
2014,3,287,17
2014,3,288,3
2014,3,290,1
2014,3,291,1
2014,3,293,238
2014,3,297,19
2014,4,20,5
2014,4,76,9
2014,4,84,19
2014,4,114,6
2014,4,129,5
2014,4,135,1
2014,4,166,1
2014,4,170,4
2014,4,176,36
2014,4,182,2
2014,4,184,34
2014,4,190,3
2014,4,200,7
2014,4,217,1
2014,4,227,2
2014,4,234,16
2014,4,241,1
2014,4,244,3
2014,4,245,1
2014,4,246,6
2014,4,247,8
2014,4,254,12
2014,4,267,75
2014,4,274,1
2014,4,281,2
2014,4,287,28
2014,4,288,1
2014,4,289,2
2014,4,290,2
2014,4,291,2
2014,4,293,170
2014,4,297,27
2014,5,20,12
2014,5,21,2
2014,5,76,6
2014,5,84,16
2014,5,114,3
2014,5,135,4
2014,5,140,1
2014,5,170,1
2014,5,176,40
2014,5,182,2
2014,5,183,2
2014,5,184,37
2014,5,186,1
2014,5,200,14
2014,5,203,3
2014,5,234,10
2014,5,241,2
2014,5,244,1
2014,5,245,1
2014,5,246,14
2014,5,247,6
2014,5,248,1
2014,5,254,17
2014,5,264,2
2014,5,267,72
2014,5,279,3
2014,5,281,2
2014,5,283,1
2014,5,287,14
2014,5,288,1
2014,5,289,3
2014,5,290,1
2014,5,291,3
2014,5,293,173
2014,5,297,26
2014,5,301,1
2014,6,20,9
2014,6,21,11
2014,6,76,9
2014,6,84,17
2014,6,114,11
2014,6,129,3
2014,6,135,3
2014,6,176,64
2014,6,182,5
2014,6,183,4
2014,6,184,46
2014,6,190,1
2014,6,200,3
2014,6,203,1
2014,6,224,3
2014,6,234,13
2014,6,237,1
2014,6,241,1
2014,6,244,3
2014,6,245,2
2014,6,246,8
2014,6,247,3
2014,6,254,12
2014,6,267,84
2014,6,279,5
2014,6,281,2
2014,6,284,2
2014,6,287,19
2014,6,288,2
2014,6,289,6
2014,6,290,1
2014,6,291,6
2014,6,293,204
2014,6,294,2
2014,6,297,23
2014,6,301,2
2014,7,20,11
2014,7,76,6
2014,7,84,13
2014,7,114,4
2014,7,135,7
2014,7,138,1
2014,7,141,1
2014,7,176,68
2014,7,182,6
2014,7,184,14
2014,7,200,6
2014,7,223,6
2014,7,234,8
2014,7,244,3
2014,7,246,6
2014,7,247,4
2014,7,254,4
2014,7,266,1
2014,7,267,51
2014,7,279,1
2014,7,281,3
2014,7,287,3
2014,7,288,2
2014,7,289,10
2014,7,290,2
2014,7,291,3
2014,7,293,195
2014,7,297,14
2014,7,311,1
2014,8,20,6
2014,8,76,9
2014,8,84,19
2014,8,114,3
2014,8,129,1
2014,8,135,4
2014,8,138,7
2014,8,163,1
2014,8,171,1
2014,8,176,61
2014,8,182,1
2014,8,184,23
2014,8,187,1
2014,8,200,2
2014,8,223,1
2014,8,234,9
2014,8,244,3
2014,8,245,1
2014,8,246,6
2014,8,247,2
2014,8,248,1
2014,8,254,1
2014,8,267,58
2014,8,281,1
2014,8,284,1
2014,8,287,15
2014,8,289,2
2014,8,291,2
2014,8,293,257
2014,8,294,2
2014,8,297,21
2014,8,309,1
2014,8,313,2
2014,8,314,12
2014,8,315,4
2014,8,319,8
2014,9,20,4
2014,9,21,2
2014,9,76,16
2014,9,84,19
2014,9,114,10
2014,9,129,4
2014,9,135,2
2014,9,138,2
2014,9,165,1
2014,9,176,72
2014,9,182,4
2014,9,184,18
2014,9,190,1
2014,9,200,6
2014,9,223,3
2014,9,224,7
2014,9,234,10
2014,9,244,7
2014,9,245,1
2014,9,246,10
2014,9,247,6
2014,9,254,2
2014,9,267,59
2014,9,281,2
2014,9,287,10
2014,9,288,2
2014,9,289,2
2014,9,290,4
2014,9,291,3
2014,9,293,361
2014,9,294,4
2014,9,297,27
2014,9,311,1
2014,9,313,7
2014,9,314,15
2014,9,315,1
2014,9,319,18
2014,10,20,1
2014,10,76,23
2014,10,84,14
2014,10,114,14
2014,10,129,9
2014,10,135,1
2014,10,138,2
2014,10,176,55
2014,10,182,9
2014,10,184,20
2014,10,200,18
2014,10,223,8
2014,10,224,2
2014,10,234,2
2014,10,244,3
2014,10,245,3
2014,10,246,10
2014,10,247,3
2014,10,266,1
2014,10,267,44
2014,10,284,1
2014,10,287,14
2014,10,291,6
2014,10,293,266
2014,10,294,2
2014,10,297,17
2014,10,313,1
2014,10,314,6
2014,10,318,1
2014,10,319,2
2014,10,324,7
2014,10,325,1
2014,11,20,5
2014,11,76,18
2014,11,84,23
2014,11,114,15
2014,11,129,1
2014,11,135,5
2014,11,138,1
2014,11,176,83
2014,11,182,6
2014,11,184,14
2014,11,190,7
2014,11,200,19
2014,11,223,3
2014,11,234,6
2014,11,241,2
2014,11,244,4
2014,11,245,2
2014,11,246,12
2014,11,247,1
2014,11,252,1
2014,11,254,1
2014,11,267,47
2014,11,287,3
2014,11,288,4
2014,11,289,16
2014,11,290,5
2014,11,291,2
2014,11,293,276
2014,11,294,2
2014,11,297,18
2014,11,312,2
2014,11,313,1
2014,11,314,8
2014,11,318,2
2014,11,324,18
2014,12,20,5
2014,12,21,1
2014,12,76,11
2014,12,84,30
2014,12,114,14
2014,12,129,4
2014,12,135,4
2014,12,138,1
2014,12,141,1
2014,12,171,9
2014,12,176,64
2014,12,182,7
2014,12,184,23
2014,12,190,2
2014,12,200,18
2014,12,223,5
2014,12,224,5
2014,12,234,7
2014,12,241,1
2014,12,244,8
2014,12,245,1
2014,12,246,9
2014,12,247,2
2014,12,252,1
2014,12,266,1
2014,12,267,55
2014,12,283,1
2014,12,287,3
2014,12,289,18
2014,12,290,6
2014,12,291,10
2014,12,293,296
2014,12,294,3
2014,12,297,14
2014,12,302,1
2014,12,313,4
2014,12,314,10
2014,12,318,2
2014,12,319,5
2014,12,324,5
2014,12,325,1
2014,12,332,1
2014,12,335,1
2014,12,336,1
2014,12,339,8
2014,12,341,2
2015,1,20,8
2015,1,76,2
2015,1,84,32
2015,1,114,10
2015,1,129,6
2015,1,135,4
2015,1,138,1
2015,1,171,2
2015,1,176,1
2015,1,182,7
2015,1,183,1
2015,1,184,14
2015,1,190,4
2015,1,200,18
2015,1,223,1
2015,1,224,3
2015,1,234,5
2015,1,244,7
2015,1,245,3
2015,1,246,2
2015,1,247,1
2015,1,248,2
2015,1,254,1
2015,1,267,49
2015,1,287,9
2015,1,288,1
2015,1,289,2
2015,1,290,2
2015,1,291,8
2015,1,293,246
2015,1,294,4
2015,1,297,12
2015,1,301,1
2015,1,313,5
2015,1,314,5
2015,1,315,1
2015,1,318,1
2015,1,319,52
2015,1,324,1
2015,1,325,1
2015,1,335,1
2015,1,338,3
2015,1,339,16
2015,2,20,12
2015,2,21,1
2015,2,76,7
2015,2,84,15
2015,2,113,1
2015,2,114,10
2015,2,129,1
2015,2,135,8
2015,2,171,1
2015,2,176,1
2015,2,182,9
2015,2,183,1
2015,2,184,10
2015,2,190,2
2015,2,200,6
2015,2,234,9
2015,2,244,2
2015,2,245,4
2015,2,246,8
2015,2,247,1
2015,2,248,3
2015,2,252,3
2015,2,253,1
2015,2,267,38
2015,2,283,2
2015,2,287,8
2015,2,288,1
2015,2,289,4
2015,2,290,1
2015,2,291,9
2015,2,293,249
2015,2,294,2
2015,2,297,20
2015,2,314,7
2015,2,318,3
2015,2,319,41
2015,2,324,6
2015,2,325,2
2015,2,338,1
2015,2,339,5
2015,2,341,2
2015,3,20,7
2015,3,76,13
2015,3,84,28
2015,3,114,9
2015,3,129,1
2015,3,135,2
2015,3,138,1
2015,3,171,1
2015,3,176,1
2015,3,182,4
2015,3,183,1
2015,3,184,18
2015,3,200,15
2015,3,223,1
2015,3,224,2
2015,3,234,7
2015,3,244,1
2015,3,245,2
2015,3,246,14
2015,3,247,4
2015,3,267,21
2015,3,281,1
2015,3,287,12
2015,3,289,2
2015,3,291,2
2015,3,293,337
2015,3,294,3
2015,3,297,15
2015,3,300,1
2015,3,313,6
2015,3,314,7
2015,3,318,4
2015,3,319,58
2015,3,324,3
2015,3,325,3
2015,3,332,4
2015,3,334,2
2015,3,338,6
2015,3,339,6
2015,4,20,21
2015,4,21,2
2015,4,76,12
2015,4,84,29
2015,4,114,12
2015,4,129,5
2015,4,135,9
2015,4,138,9
2015,4,171,3
2015,4,176,3
2015,4,182,18
2015,4,184,26
2015,4,190,2
2015,4,200,20
2015,4,223,2
2015,4,224,5
2015,4,234,11
2015,4,241,1
2015,4,244,12
2015,4,245,3
2015,4,246,11
2015,4,247,3
2015,4,252,2
2015,4,267,60
2015,4,279,1
2015,4,281,3
2015,4,284,1
2015,4,287,12
2015,4,288,7
2015,4,289,3
2015,4,290,5
2015,4,291,4
2015,4,293,426
2015,4,297,13
2015,4,301,2
2015,4,314,4
2015,4,318,2
2015,4,319,60
2015,4,324,1
2015,4,325,1
2015,4,334,2
2015,4,337,3
2015,4,338,1
2015,4,339,5
2015,4,342,1
2015,5,20,16
2015,5,76,20
2015,5,84,30
2015,5,114,11
2015,5,135,5
2015,5,138,5
2015,5,171,1
2015,5,176,1
2015,5,182,8
2015,5,184,14
2015,5,190,1
2015,5,200,9
2015,5,223,9
2015,5,224,4
2015,5,234,12
2015,5,244,3
2015,5,245,3
2015,5,246,7
2015,5,247,9
2015,5,248,1
2015,5,267,45
2015,5,281,3
2015,5,287,49
2015,5,289,5
2015,5,290,4
2015,5,291,4
2015,5,293,398
2015,5,294,2
2015,5,297,34
2015,5,311,1
2015,5,314,4
2015,5,319,51
2015,5,321,9
2015,5,324,2
2015,5,325,2
2015,5,337,4
2015,5,339,25
2015,6,20,20
2015,6,21,3
2015,6,76,12
2015,6,84,21
2015,6,114,12
2015,6,129,2
2015,6,135,7
2015,6,138,3
2015,6,141,1
2015,6,163,1
2015,6,176,7
2015,6,182,7
2015,6,184,32
2015,6,190,4
2015,6,200,18
2015,6,223,6
2015,6,224,2
2015,6,234,17
2015,6,237,1
2015,6,244,2
2015,6,245,1
2015,6,246,14
2015,6,247,4
2015,6,248,1
2015,6,252,1
2015,6,254,3
2015,6,267,36
2015,6,281,3
2015,6,287,23
2015,6,289,9
2015,6,290,3
2015,6,291,2
2015,6,293,396
2015,6,297,21
2015,6,314,7
2015,6,319,48
2015,6,321,11
2015,6,324,4
2015,6,328,1
2015,6,333,2
2015,6,334,4
2015,6,335,1
2015,6,336,2
2015,6,337,1
2015,6,339,21
2015,7,20,4
2015,7,76,3
2015,7,84,23
2015,7,114,18
2015,7,135,7
2015,7,138,1
2015,7,171,2
2015,7,176,19
2015,7,182,10
2015,7,184,14
2015,7,200,11
2015,7,223,4
2015,7,224,4
2015,7,234,7
2015,7,244,1
2015,7,245,1
2015,7,246,8
2015,7,247,4
2015,7,248,5
2015,7,267,34
2015,7,281,4
2015,7,287,18
2015,7,289,4
2015,7,290,1
2015,7,293,292
2015,7,297,12
2015,7,300,1
2015,7,314,8
2015,7,319,16
2015,7,321,1
2015,7,328,1
2015,7,333,1
2015,7,334,2
2015,7,335,1
2015,7,339,18
2015,8,20,16
2015,8,76,12
2015,8,84,24
2015,8,114,6
2015,8,138,9
2015,8,171,1
2015,8,176,29
2015,8,182,11
2015,8,184,21
2015,8,190,14
2015,8,200,13
2015,8,223,9
2015,8,224,6
2015,8,234,12
2015,8,244,3
2015,8,246,17
2015,8,247,2
2015,8,254,1
2015,8,264,2
2015,8,267,48
2015,8,281,4
2015,8,287,17
2015,8,289,4
2015,8,290,2
2015,8,293,401
2015,8,294,1
2015,8,297,19
2015,8,307,1
2015,8,313,1
2015,8,314,7
2015,8,319,14
2015,8,321,7
2015,8,324,3
2015,8,334,1
2015,8,335,1
2015,8,337,1
2015,8,339,48
2015,8,341,1
2015,8,353,2
2015,9,20,11
2015,9,21,1
2015,9,76,6
2015,9,84,11
2015,9,114,3
2015,9,135,4
2015,9,138,1
2015,9,171,2
2015,9,176,29
2015,9,182,7
2015,9,184,12
2015,9,190,1
2015,9,200,6
2015,9,223,8
2015,9,224,3
2015,9,234,1
2015,9,244,2
2015,9,245,2
2015,9,246,6
2015,9,247,2
2015,9,264,9
2015,9,267,35
2015,9,281,5
2015,9,287,20
2015,9,288,1
2015,9,289,3
2015,9,293,313
2015,9,297,8
2015,9,314,9
2015,9,319,4
2015,9,321,5
2015,9,324,3
2015,9,336,1
2015,9,337,5
2015,9,339,29
2015,9,342,6
2015,9,348,2
2015,9,350,2
2015,10,20,8
2015,10,76,22
2015,10,84,14
2015,10,114,21
2015,10,135,2
2015,10,138,5
2015,10,171,32
2015,10,176,26
2015,10,182,10
2015,10,184,22
2015,10,190,4
2015,10,200,18
2015,10,223,13
2015,10,224,1
2015,10,234,8
2015,10,244,3
2015,10,245,2
2015,10,246,8
2015,10,247,7
2015,10,248,2
2015,10,254,2
2015,10,264,10
2015,10,267,29
2015,10,281,1
2015,10,287,19
2015,10,289,3
2015,10,290,4
2015,10,293,281
2015,10,297,14
2015,10,314,5
2015,10,319,1
2015,10,321,8
2015,10,324,11
2015,10,325,4
2015,10,335,6
2015,10,339,21
2015,10,342,15
2015,10,348,1
2015,10,351,1
2015,10,352,3
2015,11,20,1
2015,11,21,2
2015,11,76,2
2015,11,84,17
2015,11,114,19
2015,11,135,10
2015,11,138,3
2015,11,140,1
2015,11,171,17
2015,11,176,19
2015,11,182,4
2015,11,184,14
2015,11,190,23
2015,11,200,15
2015,11,223,14
2015,11,234,3
2015,11,244,4
2015,11,245,3
2015,11,246,9
2015,11,247,2
2015,11,248,3
2015,11,252,2
2015,11,264,11
2015,11,267,19
2015,11,281,4
2015,11,287,21
2015,11,289,14
2015,11,290,5
2015,11,293,198
2015,11,294,1
2015,11,297,14
2015,11,314,3
2015,11,319,1
2015,11,321,5
2015,11,324,9
2015,11,325,6
2015,11,336,1
2015,11,337,1
2015,11,338,1
2015,11,339,61
2015,11,342,27
2015,11,352,1
2015,11,356,1
2015,11,360,3
2015,12,20,6
2015,12,21,2
2015,12,76,1
2015,12,84,22
2015,12,114,7
2015,12,135,6
2015,12,138,2
2015,12,171,32
2015,12,176,14
2015,12,182,2
2015,12,184,8
2015,12,190,1
2015,12,200,51
2015,12,223,12
2015,12,224,1
2015,12,234,4
2015,12,244,1
2015,12,245,1
2015,12,246,7
2015,12,247,4
2015,12,248,6
2015,12,254,34
2015,12,264,8
2015,12,267,37
2015,12,281,5
2015,12,287,13
2015,12,289,1
2015,12,290,1
2015,12,293,177
2015,12,297,9
2015,12,300,1
2015,12,307,1
2015,12,314,4
2015,12,321,4
2015,12,325,5
2015,12,339,81
2015,12,342,30
2015,12,356,27
2015,12,360,1
2016,1,20,2
2016,1,21,2
2016,1,84,18
2016,1,114,4
2016,1,135,3
2016,1,171,25
2016,1,176,32
2016,1,182,2
2016,1,184,10
2016,1,200,16
2016,1,224,10
2016,1,234,6
2016,1,244,1
2016,1,246,10
2016,1,247,5
2016,1,248,1
2016,1,252,1
2016,1,254,6
2016,1,264,29
2016,1,267,18
2016,1,281,1
2016,1,287,12
2016,1,289,3
2016,1,290,9
2016,1,293,212
2016,1,297,12
2016,1,300,1
2016,1,307,1
2016,1,313,1
2016,1,314,9
2016,1,319,4
2016,1,320,22
2016,1,321,4
2016,1,324,2
2016,1,325,2
2016,1,328,4
2016,1,332,3
2016,1,337,1
2016,1,338,8
2016,1,339,77
2016,1,342,10
2016,1,356,15
2016,1,358,2
2016,1,360,4
2016,2,20,8
2016,2,76,1
2016,2,84,24
2016,2,114,16
2016,2,135,4
2016,2,138,1
2016,2,141,2
2016,2,171,34
2016,2,176,42
2016,2,184,17
2016,2,190,4
2016,2,200,17
2016,2,223,26
2016,2,224,1
2016,2,234,4
2016,2,241,1
2016,2,244,2
2016,2,245,3
2016,2,246,13
2016,2,247,6
2016,2,248,6
2016,2,252,2
2016,2,264,20
2016,2,267,26
2016,2,281,7
2016,2,287,7
2016,2,288,3
2016,2,289,2
2016,2,290,4
2016,2,293,253
2016,2,297,13
2016,2,300,1
2016,2,314,3
2016,2,319,1
2016,2,320,1
2016,2,321,16
2016,2,324,8
2016,2,328,1
2016,2,332,5
2016,2,335,2
2016,2,337,1
2016,2,338,6
2016,2,339,140
2016,2,341,1
2016,2,342,2
2016,2,356,15
2016,2,358,2
2016,2,360,4
2016,3,20,7
2016,3,21,1
2016,3,76,2
2016,3,84,32
2016,3,114,16
2016,3,115,1
2016,3,135,1
2016,3,141,1
2016,3,170,3
2016,3,171,80
2016,3,176,42
2016,3,182,13
2016,3,184,30
2016,3,190,21
2016,3,200,52
2016,3,219,1
2016,3,223,31
2016,3,224,4
2016,3,234,8
2016,3,241,1
2016,3,244,2
2016,3,245,3
2016,3,246,17
2016,3,247,8
2016,3,248,5
2016,3,252,4
2016,3,254,3
2016,3,264,25
2016,3,267,33
2016,3,281,7
2016,3,287,23
2016,3,289,2
2016,3,290,2
2016,3,293,350
2016,3,297,12
2016,3,314,4
2016,3,315,3
2016,3,321,10
2016,3,324,12
2016,3,336,1
2016,3,337,3
2016,3,339,136
2016,3,342,6
2016,3,348,4
2016,3,351,1
2016,3,353,3
2016,3,356,14
2016,3,358,1
2016,3,360,1
2016,4,20,7
2016,4,21,4
2016,4,76,1
2016,4,84,25
2016,4,114,11
2016,4,135,2
2016,4,159,1
2016,4,170,2
2016,4,171,67
2016,4,176,48
2016,4,182,19
2016,4,184,26
2016,4,190,9
2016,4,200,13
2016,4,223,12
2016,4,224,14
2016,4,234,8
2016,4,245,1
2016,4,246,14
2016,4,247,10
2016,4,252,18
2016,4,264,32
2016,4,267,27
2016,4,281,5
2016,4,287,40
2016,4,288,1
2016,4,289,2
2016,4,290,4
2016,4,293,407
2016,4,297,15
2016,4,307,1
2016,4,314,2
2016,4,315,2
2016,4,321,3
2016,4,324,3
2016,4,325,2
2016,4,332,6
2016,4,339,55
2016,4,348,2
2016,4,351,1
2016,4,352,2
2016,4,356,13
2016,4,357,1
2016,4,360,3
2016,4,361,4
2016,5,20,10
2016,5,21,6
2016,5,76,3
2016,5,84,15
2016,5,114,13
2016,5,117,1
2016,5,135,7
2016,5,138,3
2016,5,140,1
2016,5,171,61
2016,5,176,26
2016,5,182,4
2016,5,184,27
2016,5,190,6
2016,5,200,22
2016,5,223,4
2016,5,224,4
2016,5,234,11
2016,5,244,5
2016,5,245,3
2016,5,246,18
2016,5,247,5
2016,5,252,6
2016,5,264,8
2016,5,267,27
2016,5,281,3
2016,5,287,44
2016,5,288,1
2016,5,289,2
2016,5,290,4
2016,5,293,406
2016,5,297,29
2016,5,308,1
2016,5,313,1
2016,5,314,1
2016,5,315,1
2016,5,319,2
2016,5,320,10
2016,5,321,6
2016,5,324,1
2016,5,328,2
2016,5,334,2
2016,5,335,2
2016,5,336,1
2016,5,339,81
2016,5,342,1
2016,5,350,1
2016,5,351,11
2016,5,356,2
2016,5,360,2
2016,5,361,4
2016,5,362,4
2016,6,20,11
2016,6,76,5
2016,6,84,13
2016,6,114,6
2016,6,135,8
2016,6,138,3
2016,6,159,1
2016,6,171,43
2016,6,176,5
2016,6,182,8
2016,6,184,21
2016,6,190,4
2016,6,200,22
2016,6,223,24
2016,6,224,3
2016,6,234,16
2016,6,244,4
2016,6,245,1
2016,6,246,21
2016,6,247,1
2016,6,248,1
2016,6,252,2
2016,6,264,2
2016,6,267,45
2016,6,281,7
2016,6,287,39
2016,6,288,1
2016,6,289,4
2016,6,290,2
2016,6,293,445
2016,6,297,38
2016,6,300,1
2016,6,307,1
2016,6,311,1
2016,6,314,1
2016,6,319,53
2016,6,320,2
2016,6,321,16
2016,6,325,2
2016,6,339,123
2016,6,342,2
2016,6,352,3
2016,6,353,2
2016,6,356,2
2016,6,358,1
2016,6,361,7
2016,6,362,2
2016,6,364,1
2016,6,365,2
2016,7,20,13
2016,7,21,1
2016,7,84,9
2016,7,114,16
2016,7,135,8
2016,7,138,4
2016,7,171,40
2016,7,176,3
2016,7,182,17
2016,7,184,24
2016,7,190,2
2016,7,200,19
2016,7,223,10
2016,7,224,1
2016,7,237,1
2016,7,244,6
2016,7,246,7
2016,7,247,1
2016,7,252,4
2016,7,264,3
2016,7,267,18
2016,7,281,1
2016,7,287,34
2016,7,290,2
2016,7,293,348
2016,7,297,24
2016,7,300,4
2016,7,314,1
2016,7,319,47
2016,7,320,1
2016,7,321,16
2016,7,328,1
2016,7,336,5
2016,7,339,98
2016,7,345,1
2016,7,352,1
2016,7,358,2
2016,7,360,1
2016,7,361,3
2016,7,362,3
2016,7,368,6
2016,8,20,21
2016,8,21,1
2016,8,76,8
2016,8,84,39
2016,8,114,32
2016,8,135,10
2016,8,171,74
2016,8,176,6
2016,8,182,24
2016,8,184,42
2016,8,190,5
2016,8,200,26
2016,8,223,25
2016,8,224,2
2016,8,234,20
2016,8,244,3
2016,8,246,23
2016,8,247,5
2016,8,251,4
2016,8,252,1
2016,8,264,4
2016,8,267,51
2016,8,281,2
2016,8,287,80
2016,8,290,1
2016,8,293,448
2016,8,297,32
2016,8,319,54
2016,8,320,3
2016,8,321,5
2016,8,332,1
2016,8,336,2
2016,8,337,3
2016,8,339,224
2016,8,351,2
2016,8,352,2
2016,8,353,1
2016,8,356,3
2016,8,358,4
2016,8,360,1
2016,8,362,11
2016,8,368,13
2016,9,20,5
2016,9,21,1
2016,9,76,14
2016,9,84,20
2016,9,114,21
2016,9,135,4
2016,9,171,15
2016,9,182,43
2016,9,184,37
2016,9,190,15
2016,9,200,44
2016,9,223,5
2016,9,224,2
2016,9,234,23
2016,9,244,6
2016,9,245,1
2016,9,246,25
2016,9,247,6
2016,9,251,5
2016,9,252,2
2016,9,264,16
2016,9,267,28
2016,9,281,4
2016,9,287,41
2016,9,289,1
2016,9,290,6
2016,9,293,347
2016,9,297,27
2016,9,300,1
2016,9,319,67
2016,9,320,1
2016,9,321,8
2016,9,325,1
2016,9,328,21
2016,9,332,4
2016,9,333,2
2016,9,337,1
2016,9,339,101
2016,9,352,2
2016,9,353,7
2016,9,358,4
2016,9,360,6
2016,9,361,9
2016,9,362,19
2016,9,364,1
2016,9,365,1
2016,9,368,9
2016,9,369,1
2016,9,374,4
2016,10,20,15
2016,10,21,1
2016,10,76,24
2016,10,84,23
2016,10,114,46
2016,10,135,5
2016,10,138,1
2016,10,171,40
2016,10,182,51
2016,10,184,38
2016,10,190,12
2016,10,200,89
2016,10,223,20
2016,10,224,2
2016,10,234,16
2016,10,244,3
2016,10,245,4
2016,10,246,32
2016,10,247,3
2016,10,251,3
2016,10,264,18
2016,10,267,25
2016,10,281,2
2016,10,287,132
2016,10,289,1
2016,10,290,7
2016,10,293,394
2016,10,297,27
2016,10,319,49
2016,10,320,2
2016,10,321,11
2016,10,325,1
2016,10,328,34
2016,10,333,16
2016,10,337,5
2016,10,339,263
2016,10,345,1
2016,10,351,1
2016,10,352,3
2016,10,353,6
2016,10,356,1
2016,10,358,3
2016,10,360,5
2016,10,361,4
2016,10,362,10
2016,10,368,17
2016,10,370,2
2016,10,371,11
2016,10,372,5
2016,10,374,4
2016,11,20,13
2016,11,76,2
2016,11,84,36
2016,11,114,31
2016,11,135,3
2016,11,164,1
2016,11,171,32
2016,11,182,41
2016,11,184,47
2016,11,188,1
2016,11,190,15
2016,11,200,85
2016,11,223,16
2016,11,224,2
2016,11,234,23
2016,11,244,5
2016,11,245,6
2016,11,246,25
2016,11,247,3
2016,11,251,2
2016,11,252,2
2016,11,264,22
2016,11,267,46
2016,11,281,9
2016,11,287,94
2016,11,288,1
2016,11,289,3
2016,11,290,6
2016,11,293,416
2016,11,297,24
2016,11,300,2
2016,11,312,1
2016,11,319,48
2016,11,321,9
2016,11,325,1
2016,11,328,2
2016,11,332,11
2016,11,333,9
2016,11,337,2
2016,11,339,164
2016,11,351,3
2016,11,352,2
2016,11,353,2
2016,11,358,3
2016,11,360,3
2016,11,361,11
2016,11,362,21
2016,11,368,21
2016,11,369,2
2016,11,371,5
2016,11,372,2
2016,11,373,5
2016,11,374,1
2016,11,375,1
2016,11,376,1
2016,11,380,3
2016,12,20,23
2016,12,21,2
2016,12,84,33
2016,12,114,70
2016,12,135,4
2016,12,171,39
2016,12,182,31
2016,12,184,25
2016,12,190,3
2016,12,200,69
2016,12,223,13
2016,12,224,4
2016,12,234,17
2016,12,244,5
2016,12,245,6
2016,12,246,17
2016,12,247,3
2016,12,251,5
2016,12,252,1
2016,12,264,19
2016,12,266,1
2016,12,267,25
2016,12,281,6
2016,12,287,52
2016,12,288,1
2016,12,289,3
2016,12,290,6
2016,12,293,278
2016,12,297,21
2016,12,319,31
2016,12,321,10
2016,12,325,2
2016,12,332,2
2016,12,333,9
2016,12,337,2
2016,12,339,156
2016,12,347,4
2016,12,351,2
2016,12,352,1
2016,12,353,1
2016,12,358,6
2016,12,360,6
2016,12,361,8
2016,12,362,5
2016,12,364,3
2016,12,368,21
2016,12,370,1
2016,12,371,3
2016,12,372,8
2016,12,373,9
2016,12,374,1
2016,12,375,3
2016,12,376,3
2016,12,378,1
2016,12,380,7
2017,1,20,9
2017,1,21,1
2017,1,76,1
2017,1,84,20
2017,1,114,50
2017,1,135,3
2017,1,163,1
2017,1,164,1
2017,1,171,47
2017,1,182,53
2017,1,184,48
2017,1,190,35
2017,1,200,107
2017,1,215,1
2017,1,223,20
2017,1,224,1
2017,1,234,22
2017,1,244,6
2017,1,245,3
2017,1,246,8
2017,1,247,1
2017,1,251,4
2017,1,264,23
2017,1,266,2
2017,1,267,22
2017,1,272,1
2017,1,281,2
2017,1,287,119
2017,1,288,4
2017,1,289,7
2017,1,290,4
2017,1,293,337
2017,1,297,17
2017,1,319,41
2017,1,321,7
2017,1,322,1
2017,1,328,1
2017,1,332,2
2017,1,333,10
2017,1,337,1
2017,1,339,147
2017,1,350,1
2017,1,351,21
2017,1,352,5
2017,1,353,17
2017,1,358,4
2017,1,360,8
2017,1,361,2
2017,1,362,15
2017,1,368,24
2017,1,371,16
2017,1,372,1
2017,1,373,10
2017,1,374,1
2017,1,375,4
2017,1,376,2
2017,1,378,4
2017,1,379,2
2017,1,380,6
2017,1,383,3
2017,2,20,12
2017,2,76,3
2017,2,84,20
2017,2,114,26
2017,2,135,16
2017,2,171,32
2017,2,182,46
2017,2,184,46
2017,2,190,14
2017,2,200,58
2017,2,223,20
2017,2,224,7
2017,2,234,16
2017,2,241,4
2017,2,244,2
2017,2,245,6
2017,2,246,16
2017,2,247,4
2017,2,251,11
2017,2,264,25
2017,2,266,1
2017,2,267,18
2017,2,281,2
2017,2,287,99
2017,2,289,1
2017,2,290,4
2017,2,293,387
2017,2,297,22
2017,2,319,26
2017,2,321,1
2017,2,323,3
2017,2,333,7
2017,2,337,2
2017,2,339,113
2017,2,351,2
2017,2,352,2
2017,2,353,5
2017,2,358,7
2017,2,360,3
2017,2,362,1
2017,2,368,12
2017,2,371,2
2017,2,372,3
2017,2,373,11
2017,2,374,2
2017,2,375,1
2017,2,377,7
2017,2,378,5
2017,2,383,3
2017,3,20,14
2017,3,21,5
2017,3,76,6
2017,3,84,22
2017,3,114,33
2017,3,135,6
2017,3,163,1
2017,3,165,1
2017,3,171,19
2017,3,182,44
2017,3,184,39
2017,3,190,6
2017,3,200,58
2017,3,223,14
2017,3,224,9
2017,3,234,19
2017,3,244,2
2017,3,245,3
2017,3,246,27
2017,3,247,19
2017,3,251,4
2017,3,264,29
2017,3,267,15
2017,3,281,13
2017,3,287,68
2017,3,290,4
2017,3,293,462
2017,3,297,19
2017,3,300,2
2017,3,319,41
2017,3,321,5
2017,3,328,1
2017,3,332,1
2017,3,333,12
2017,3,337,1
2017,3,339,155
2017,3,345,3
2017,3,352,4
2017,3,353,4
2017,3,358,8
2017,3,360,5
2017,3,361,7
2017,3,362,8
2017,3,368,14
2017,3,370,1
2017,3,371,2
2017,3,372,2
2017,3,373,5
2017,3,375,5
2017,3,376,8
2017,3,377,17
2017,3,378,1
2017,3,380,7
2017,3,383,4
2017,3,393,4
2017,4,20,16
2017,4,21,1
2017,4,76,2
2017,4,84,23
2017,4,114,38
2017,4,135,5
2017,4,171,25
2017,4,182,84
2017,4,184,68
2017,4,190,23
2017,4,200,49
2017,4,223,20
2017,4,224,4
2017,4,234,16
2017,4,244,4
2017,4,245,1
2017,4,246,13
2017,4,247,6
2017,4,251,4
2017,4,264,34
2017,4,267,20
2017,4,281,25
2017,4,287,112
2017,4,290,3
2017,4,293,413
2017,4,297,29
2017,4,302,1
2017,4,319,64
2017,4,320,4
2017,4,321,1
2017,4,323,4
2017,4,332,1
2017,4,333,14
2017,4,337,3
2017,4,339,131
2017,4,345,1
2017,4,351,5
2017,4,352,4
2017,4,358,7
2017,4,360,4
2017,4,361,3
2017,4,362,5
2017,4,368,14
2017,4,371,4
2017,4,372,3
2017,4,373,12
2017,4,376,4
2017,4,377,11
2017,4,380,2
2017,4,383,11
2017,4,393,3
2017,5,20,10
2017,5,21,2
2017,5,76,5
2017,5,84,32
2017,5,114,32
2017,5,125,1
2017,5,135,36
2017,5,171,28
2017,5,176,3
2017,5,182,74
2017,5,184,136
2017,5,188,1
2017,5,190,18
2017,5,200,13
2017,5,223,23
2017,5,224,5
2017,5,234,43
2017,5,244,5
2017,5,245,4
2017,5,246,18
2017,5,247,2
2017,5,251,7
2017,5,264,18
2017,5,266,1
2017,5,267,26
2017,5,281,13
2017,5,287,203
2017,5,288,1
2017,5,293,418
2017,5,297,31
2017,5,300,5
2017,5,319,92
2017,5,320,1
2017,5,321,3
2017,5,323,3
2017,5,328,3
2017,5,332,3
2017,5,333,20
2017,5,339,118
2017,5,342,1
2017,5,345,4
2017,5,347,4
2017,5,351,17
2017,5,352,3
2017,5,353,3
2017,5,356,1
2017,5,358,6
2017,5,360,2
2017,5,362,1
2017,5,364,1
2017,5,368,7
2017,5,370,2
2017,5,371,2
2017,5,372,2
2017,5,373,30
2017,5,375,3
2017,5,376,7
2017,5,377,11
2017,5,378,1
2017,5,379,1
2017,5,380,10
2017,5,383,20
2017,5,385,1
2017,5,392,1
2017,5,395,2
2017,6,20,34
2017,6,21,2
2017,6,76,8
2017,6,84,9
2017,6,114,23
2017,6,135,7
2017,6,171,2
2017,6,176,1
2017,6,182,49
2017,6,184,50
2017,6,188,1
2017,6,190,20
2017,6,200,13
2017,6,201,1
2017,6,222,1
2017,6,223,9
2017,6,224,1
2017,6,234,7
2017,6,244,4
2017,6,245,2
2017,6,246,13
2017,6,247,4
2017,6,251,2
2017,6,252,1
2017,6,264,13
2017,6,267,12
2017,6,281,13
2017,6,287,113
2017,6,290,1
2017,6,293,333
2017,6,297,14
2017,6,319,63
2017,6,321,1
2017,6,332,4
2017,6,333,22
2017,6,337,1
2017,6,339,92
2017,6,345,2
2017,6,347,7
2017,6,352,2
2017,6,353,4
2017,6,356,2
2017,6,358,6
2017,6,361,5
2017,6,362,2
2017,6,364,2
2017,6,368,6
2017,6,371,1
2017,6,373,20
2017,6,375,1
2017,6,376,2
2017,6,377,9
2017,6,380,6
2017,6,383,9
2017,6,393,2
2017,6,394,1
2017,7,20,46
2017,7,21,1
2017,7,76,1
2017,7,84,33
2017,7,114,34
2017,7,135,19
2017,7,171,34
2017,7,182,79
2017,7,184,96
2017,7,190,13
2017,7,200,31
2017,7,223,19
2017,7,224,4
2017,7,234,17
2017,7,244,10
2017,7,245,4
2017,7,246,39
2017,7,247,1
2017,7,251,11
2017,7,264,18
2017,7,267,27
2017,7,281,10
2017,7,287,221
2017,7,293,529
2017,7,297,24
2017,7,300,1
2017,7,319,62
2017,7,320,2
2017,7,321,6
2017,7,328,1
2017,7,332,2
2017,7,333,12
2017,7,334,1
2017,7,336,1
2017,7,337,3
2017,7,339,89
2017,7,345,2
2017,7,347,7
2017,7,351,7
2017,7,352,10
2017,7,353,3
2017,7,356,1
2017,7,358,8
2017,7,361,4
2017,7,362,1
2017,7,368,5
2017,7,370,2
2017,7,371,6
2017,7,373,13
2017,7,375,1
2017,7,376,7
2017,7,377,2
2017,7,378,1
2017,7,379,1
2017,7,380,4
2017,7,383,14
2017,7,385,11
2017,7,393,5
2017,7,394,1
2017,7,395,2
2017,8,20,29
2017,8,21,1
2017,8,76,1
2017,8,84,35
2017,8,114,27
2017,8,135,15
2017,8,171,20
2017,8,182,88
2017,8,184,121
2017,8,190,9
2017,8,200,31
2017,8,223,9
2017,8,224,2
2017,8,234,1
2017,8,244,8
2017,8,246,54
2017,8,247,5
2017,8,251,7
2017,8,264,26
2017,8,267,32
2017,8,281,9
2017,8,287,187
2017,8,290,1
2017,8,293,544
2017,8,297,39
2017,8,319,91
2017,8,321,1
2017,8,332,5
2017,8,333,19
2017,8,337,1
2017,8,339,117
2017,8,345,1
2017,8,351,4
2017,8,352,2
2017,8,353,8
2017,8,358,2
2017,8,360,2
2017,8,362,1
2017,8,364,6
2017,8,368,8
2017,8,371,5
2017,8,372,3
2017,8,373,4
2017,8,374,4
2017,8,376,14
2017,8,377,1
2017,8,378,1
2017,8,379,1
2017,8,380,4
2017,8,383,5
2017,8,385,11
2017,8,388,1
2017,8,393,2
2017,8,394,3
2017,9,20,34
2017,9,21,3
2017,9,76,1
2017,9,84,29
2017,9,114,53
2017,9,135,17
2017,9,171,35
2017,9,182,78
2017,9,184,156
2017,9,190,20
2017,9,200,73
2017,9,223,5
2017,9,224,1
2017,9,234,61
2017,9,244,16
2017,9,245,3
2017,9,246,30
2017,9,247,6
2017,9,251,2
2017,9,264,11
2017,9,267,12
2017,9,281,8
2017,9,287,269
2017,9,293,348
2017,9,297,23
2017,9,319,155
2017,9,321,17
2017,9,332,3
2017,9,333,28
2017,9,337,5
2017,9,339,107
2017,9,345,2
2017,9,351,1
2017,9,352,1
2017,9,358,5
2017,9,362,3
2017,9,364,5
2017,9,368,21
2017,9,370,3
2017,9,371,13
2017,9,372,1
2017,9,373,15
2017,9,375,1
2017,9,376,6
2017,9,378,1
2017,9,380,6
2017,9,383,9
2017,9,385,18
2017,9,388,4
2017,9,394,2
2017,10,20,36
2017,10,21,1
2017,10,76,2
2017,10,84,33
2017,10,114,60
2017,10,135,16
2017,10,171,25
2017,10,182,79
2017,10,184,98
2017,10,190,35
2017,10,200,59
2017,10,223,19
2017,10,224,4
2017,10,234,23
2017,10,244,7
2017,10,245,8
2017,10,246,30
2017,10,247,1
2017,10,264,21
2017,10,267,16
2017,10,272,1
2017,10,281,9
2017,10,287,162
2017,10,293,391
2017,10,297,28
2017,10,300,1
2017,10,319,223
2017,10,321,10
2017,10,328,1
2017,10,332,2
2017,10,333,15
2017,10,337,4
2017,10,339,105
2017,10,351,5
2017,10,360,1
2017,10,362,2
2017,10,368,39
2017,10,371,22
2017,10,373,21
2017,10,375,1
2017,10,376,3
2017,10,378,4
2017,10,380,11
2017,10,383,9
2017,10,385,17
2017,11,20,38
2017,11,21,8
2017,11,76,10
2017,11,84,35
2017,11,114,82
2017,11,135,14
2017,11,171,39
2017,11,182,81
2017,11,184,106
2017,11,190,16
2017,11,200,73
2017,11,205,1
2017,11,223,46
2017,11,224,2
2017,11,234,21
2017,11,244,24
2017,11,245,6
2017,11,246,38
2017,11,247,9
2017,11,252,1
2017,11,264,30
2017,11,267,15
2017,11,281,14
2017,11,287,174
2017,11,290,4
2017,11,293,497
2017,11,297,25
2017,11,300,1
2017,11,319,119
2017,11,321,9
2017,11,332,8
2017,11,333,18
2017,11,339,86
2017,11,345,7
2017,11,351,3
2017,11,360,2
2017,11,362,2
2017,11,364,4
2017,11,368,41
2017,11,370,4
2017,11,371,41
2017,11,372,1
2017,11,373,18
2017,11,374,2
2017,11,375,3
2017,11,376,4
2017,11,378,1
2017,11,379,1
2017,11,380,13
2017,11,381,1
2017,11,383,5
2017,11,385,4
2017,11,388,1
2017,11,389,2
2017,11,394,1
2017,12,20,21
2017,12,76,7
2017,12,84,32
2017,12,114,20
2017,12,135,9
2017,12,171,52
2017,12,182,86
2017,12,184,134
2017,12,190,39
2017,12,200,78
2017,12,223,15
2017,12,234,78
2017,12,244,14
2017,12,245,4
2017,12,246,41
2017,12,247,18
2017,12,251,4
2017,12,264,22
2017,12,267,18
2017,12,281,13
2017,12,287,263
2017,12,290,2
2017,12,293,478
2017,12,297,51
2017,12,319,35
2017,12,321,2
2017,12,328,2
2017,12,332,1
2017,12,333,3
2017,12,339,29
2017,12,345,4
2017,12,351,5
2017,12,358,3
2017,12,368,1
2017,12,370,2
2017,12,371,10
2017,12,372,2
2017,12,373,33
2017,12,374,1
2017,12,375,2
2017,12,376,2
2017,12,379,6
2017,12,380,12
2017,12,383,4
2017,12,385,2
2017,12,388,6
2017,12,390,1
2017,12,393,1
2018,1,20,78
2018,1,21,2
2018,1,84,28
2018,1,114,18
2018,1,135,16
2018,1,171,65
2018,1,182,95
2018,1,184,124
2018,1,190,22
2018,1,200,125
2018,1,223,11
2018,1,224,3
2018,1,234,7
2018,1,244,11
2018,1,246,87
2018,1,247,6
2018,1,251,2
2018,1,264,51
2018,1,267,21
2018,1,281,11
2018,1,287,233
2018,1,290,4
2018,1,293,535
2018,1,297,38
2018,1,300,1
2018,1,319,53
2018,1,333,15
2018,1,339,61
2018,1,345,2
2018,1,351,2
2018,1,353,1
2018,1,358,1
2018,1,364,2
2018,1,368,24
2018,1,370,1
2018,1,371,14
2018,1,372,1
2018,1,373,42
2018,1,374,1
2018,1,375,3
2018,1,376,8
2018,1,378,1
2018,1,379,2
2018,1,380,11
2018,1,383,7
2018,1,394,1
2018,1,397,3
2018,1,403,10
2018,2,20,78
2018,2,21,1
2018,2,84,15
2018,2,114,33
2018,2,135,3
2018,2,171,54
2018,2,182,107
2018,2,184,178
2018,2,190,19
2018,2,200,68
2018,2,223,9
2018,2,234,60
2018,2,244,8
2018,2,245,7
2018,2,246,59
2018,2,251,4
2018,2,264,31
2018,2,267,27
2018,2,281,3
2018,2,287,184
2018,2,290,4
2018,2,293,454
2018,2,297,16
2018,2,319,64
2018,2,333,12
2018,2,339,53
2018,2,345,5
2018,2,351,12
2018,2,364,1
2018,2,368,27
2018,2,370,2
2018,2,371,14
2018,2,372,1
2018,2,373,12
2018,2,376,6
2018,2,379,2
2018,2,380,6
2018,2,383,6
2018,2,394,1
2018,2,397,1
2018,2,403,7
2018,3,20,112
2018,3,21,3
2018,3,84,29
2018,3,114,69
2018,3,135,9
2018,3,171,128
2018,3,182,96
2018,3,184,164
2018,3,190,27
2018,3,200,59
2018,3,223,14
2018,3,224,2
2018,3,234,88
2018,3,244,18
2018,3,245,2
2018,3,246,55
2018,3,251,2
2018,3,264,33
2018,3,267,31
2018,3,281,7
2018,3,287,150
2018,3,293,525
2018,3,297,30
2018,3,300,2
2018,3,319,46
2018,3,323,3
2018,3,328,1
2018,3,333,28
2018,3,339,51
2018,3,345,2
2018,3,353,14
2018,3,370,1
2018,3,371,51
2018,3,372,3
2018,3,380,6
2018,3,383,1
2018,3,397,1
2018,3,403,15
2018,3,412,9
2018,4,20,45
2018,4,21,12
2018,4,84,32
2018,4,114,86
2018,4,135,14
2018,4,171,46
2018,4,182,85
2018,4,184,81
2018,4,190,33
2018,4,200,90
2018,4,223,3
2018,4,224,1
2018,4,234,129
2018,4,244,14
2018,4,245,2
2018,4,246,66
2018,4,247,1
2018,4,251,2
2018,4,252,1
2018,4,264,18
2018,4,267,18
2018,4,281,3
2018,4,287,168
2018,4,293,450
2018,4,297,29
2018,4,319,26
2018,4,323,1
2018,4,332,2
2018,4,333,2
2018,4,339,60
2018,4,357,2
2018,4,358,2
2018,4,364,1
2018,4,368,1
2018,4,370,3
2018,4,371,37
2018,4,372,2
2018,4,378,1
2018,4,379,6
2018,4,380,3
2018,4,388,8
2018,4,400,1
2018,4,403,9
2018,4,405,2
2018,4,412,3
2018,4,414,6
2018,4,419,1
2018,5,20,11
2018,5,21,4
2018,5,84,43
2018,5,114,78
2018,5,135,14
2018,5,171,25
2018,5,182,69
2018,5,184,87
2018,5,190,15
2018,5,200,53
2018,5,223,7
2018,5,224,1
2018,5,234,111
2018,5,244,27
2018,5,245,1
2018,5,246,25
2018,5,251,2
2018,5,264,18
2018,5,266,1
2018,5,267,18
2018,5,281,4
2018,5,287,142
2018,5,290,1
2018,5,293,413
2018,5,297,27
2018,5,300,1
2018,5,319,46
2018,5,328,1
2018,5,333,17
2018,5,339,37
2018,5,358,3
2018,5,370,1
2018,5,371,57
2018,5,372,1
2018,5,378,1
2018,5,379,10
2018,5,380,6
2018,5,383,3
2018,5,388,9
2018,5,393,1
2018,5,398,3
2018,5,403,8
2018,5,405,6
2018,5,412,1
2018,5,414,1
2018,5,419,3
2018,5,423,6
2018,5,426,4
2018,6,20,14
2018,6,21,5
2018,6,84,22
2018,6,114,101
2018,6,135,3
2018,6,171,17
2018,6,182,75
2018,6,184,36
2018,6,190,13
2018,6,200,35
2018,6,215,1
2018,6,223,3
2018,6,234,66
2018,6,244,9
2018,6,245,2
2018,6,246,24
2018,6,251,2
2018,6,264,14
2018,6,267,14
2018,6,281,4
2018,6,287,77
2018,6,290,1
2018,6,293,251
2018,6,297,27
2018,6,319,23
2018,6,333,5
2018,6,339,14
2018,6,358,2
2018,6,371,26
2018,6,373,4
2018,6,376,4
2018,6,379,6
2018,6,380,7
2018,6,383,1
2018,6,385,3
2018,6,388,3
2018,6,390,2
2018,6,398,16
2018,6,400,5
2018,6,403,8
2018,6,405,2
2018,6,410,1
2018,6,412,2
2018,6,419,1
2018,6,421,8
2018,6,423,3
2018,6,439,2
2018,7,20,53
2018,7,21,8
2018,7,84,17
2018,7,114,101
2018,7,135,3
2018,7,171,49
2018,7,182,78
2018,7,184,143
2018,7,190,18
2018,7,200,23
2018,7,223,5
2018,7,224,3
2018,7,234,56
2018,7,244,10
2018,7,245,6
2018,7,246,55
2018,7,247,2
2018,7,251,2
2018,7,252,1
2018,7,264,26
2018,7,267,18
2018,7,281,10
2018,7,287,275
2018,7,293,409
2018,7,297,17
2018,7,319,33
2018,7,328,1
2018,7,333,9
2018,7,339,33
2018,7,358,2
2018,7,364,4
2018,7,371,74
2018,7,373,5
2018,7,379,2
2018,7,380,4
2018,7,384,1
2018,7,385,18
2018,7,386,1
2018,7,390,6
2018,7,398,29
2018,7,403,7
2018,7,412,10
2018,7,417,1
2018,7,419,2
2018,7,420,5
2018,7,421,7
2018,7,423,2
2018,7,425,3
2018,7,426,2
2018,7,430,1
2018,8,20,94
2018,8,84,17
2018,8,114,168
2018,8,135,4
2018,8,152,3
2018,8,171,6
2018,8,182,43
2018,8,184,153
2018,8,190,10
2018,8,200,29
2018,8,223,8
2018,8,234,49
2018,8,244,4
2018,8,245,1
2018,8,246,57
2018,8,251,3
2018,8,264,19
2018,8,267,10
2018,8,281,10
2018,8,287,201
2018,8,290,1
2018,8,293,261
2018,8,297,12
2018,8,300,2
2018,8,319,17
2018,8,320,4
2018,8,328,1
2018,8,333,6
2018,8,339,23
2018,8,357,4
2018,8,371,16
2018,8,373,30
2018,8,379,3
2018,8,380,2
2018,8,385,28
2018,8,388,1
2018,8,390,12
2018,8,398,19
2018,8,400,7
2018,8,403,9
2018,8,405,10
2018,8,410,1
2018,8,412,6
2018,8,416,3
2018,8,419,5
2018,8,421,2
2018,8,423,2
2018,8,424,2
2018,8,425,2
2018,8,426,2
2018,8,430,1
2018,8,431,1
2018,8,445,6
2018,8,446,3
2018,9,20,84
2018,9,84,20
2018,9,114,170
2018,9,135,7
2018,9,152,16
2018,9,171,20
2018,9,182,87
2018,9,184,108
2018,9,190,30
2018,9,200,17
2018,9,223,9
2018,9,224,5
2018,9,234,59
2018,9,244,6
2018,9,245,5
2018,9,246,44
2018,9,247,1
2018,9,251,2
2018,9,264,23
2018,9,267,7
2018,9,281,9
2018,9,287,239
2018,9,293,405
2018,9,297,23
2018,9,319,5
2018,9,328,1
2018,9,333,11
2018,9,339,11
2018,9,358,4
2018,9,364,1
2018,9,368,79
2018,9,371,44
2018,9,373,55
2018,9,379,2
2018,9,380,4
2018,9,385,58
2018,9,388,3
2018,9,390,17
2018,9,398,34
2018,9,400,9
2018,9,403,15
2018,9,405,6
2018,9,408,4
2018,9,410,2
2018,9,412,42
2018,9,419,8
2018,9,420,2
2018,9,421,1
2018,9,424,2
2018,9,425,2
2018,9,430,1
2018,9,431,10
2018,9,442,1
2018,9,443,4
2018,9,445,6
2018,9,446,1
2018,10,20,63
2018,10,84,25
2018,10,114,178
2018,10,135,10
2018,10,152,14
2018,10,171,25
2018,10,182,64
2018,10,184,184
2018,10,190,34
2018,10,200,11
2018,10,223,16
2018,10,224,4
2018,10,234,52
2018,10,244,9
2018,10,245,2
2018,10,246,43
2018,10,247,5
2018,10,251,4
2018,10,264,32
2018,10,267,10
2018,10,281,6
2018,10,287,147
2018,10,293,433
2018,10,297,16
2018,10,319,16
2018,10,328,1
2018,10,333,11
2018,10,339,10
2018,10,358,2
2018,10,364,2
2018,10,368,92
2018,10,371,33
2018,10,373,54
2018,10,379,1
2018,10,380,3
2018,10,385,38
2018,10,388,1
2018,10,390,1
2018,10,397,1
2018,10,398,27
2018,10,400,29
2018,10,403,4
2018,10,405,2
2018,10,408,7
2018,10,412,84
2018,10,419,2
2018,10,420,2
2018,10,422,2
2018,10,424,3
2018,10,425,3
2018,10,426,3
2018,10,428,1
2018,10,431,3
2018,10,443,3
2018,10,445,2
2018,11,20,57
2018,11,21,1
2018,11,84,16
2018,11,114,134
2018,11,135,9
2018,11,152,5
2018,11,171,21
2018,11,182,52
2018,11,184,73
2018,11,190,14
2018,11,200,3
2018,11,223,11
2018,11,224,2
2018,11,234,33
2018,11,244,6
2018,11,245,3
2018,11,246,28
2018,11,247,1
2018,11,251,2
2018,11,264,20
2018,11,267,6
2018,11,281,3
2018,11,287,82
2018,11,293,241
2018,11,297,17
2018,11,319,14
2018,11,333,14
2018,11,339,7
2018,11,358,6
2018,11,368,80
2018,11,371,11
2018,11,373,26
2018,11,379,1
2018,11,380,1
2018,11,385,52
2018,11,388,9
2018,11,390,9
2018,11,398,25
2018,11,400,15
2018,11,403,4
2018,11,412,108
2018,11,416,1
2018,11,417,1
2018,11,419,2
2018,11,420,2
2018,11,422,2
2018,11,423,2
2018,11,424,5
2018,11,425,2
2018,11,426,2
2018,11,431,7
2018,11,441,4
2018,11,443,1
2018,11,444,1
2018,12,20,25
2018,12,84,14
2018,12,114,80
2018,12,135,5
2018,12,152,5
2018,12,171,17
2018,12,182,35
2018,12,184,59
2018,12,190,7
2018,12,200,3
2018,12,223,5
2018,12,224,4
2018,12,234,19
2018,12,244,5
2018,12,245,1
2018,12,246,12
2018,12,251,5
2018,12,264,11
2018,12,267,4
2018,12,287,34
2018,12,293,191
2018,12,297,22
2018,12,319,3
2018,12,328,1
2018,12,339,12
2018,12,358,2
2018,12,368,23
2018,12,371,3
2018,12,373,14
2018,12,379,1
2018,12,385,47
2018,12,388,4
2018,12,390,1
2018,12,398,19
2018,12,400,18
2018,12,403,2
2018,12,410,1
2018,12,412,52
2018,12,416,1
2018,12,419,2
2018,12,420,2
2018,12,422,1
2018,12,423,1
2018,12,424,1
2018,12,425,2
2018,12,429,1
2018,12,431,7
2018,12,441,4
2018,12,443,1
2019,1,20,46
2019,1,84,23
2019,1,114,102
2019,1,135,7
2019,1,152,13
2019,1,171,56
2019,1,182,72
2019,1,184,102
2019,1,190,26
2019,1,200,19
2019,1,223,11
2019,1,234,51
2019,1,244,7
2019,1,245,5
2019,1,246,41
2019,1,251,3
2019,1,264,23
2019,1,267,7
2019,1,281,4
2019,1,287,90
2019,1,293,357
2019,1,297,10
2019,1,319,19
2019,1,333,1
2019,1,339,8
2019,1,358,2
2019,1,364,4
2019,1,368,60
2019,1,371,31
2019,1,373,39
2019,1,380,1
2019,1,385,85
2019,1,386,3
2019,1,390,12
2019,1,398,29
2019,1,400,37
2019,1,403,9
2019,1,408,1
2019,1,410,1
2019,1,412,83
2019,1,416,6
2019,1,417,1
2019,1,419,3
2019,1,420,1
2019,1,423,1
2019,1,425,3
2019,1,426,1
2019,1,430,1
2019,1,431,21
2019,1,441,9
2019,1,443,1
2019,1,446,12
2019,2,20,40
2019,2,21,2
2019,2,84,21
2019,2,114,132
2019,2,135,7
2019,2,152,12
2019,2,171,55
2019,2,182,67
2019,2,184,80
2019,2,190,7
2019,2,200,13
2019,2,223,11
2019,2,234,28
2019,2,244,13
2019,2,245,4
2019,2,246,24
2019,2,251,1
2019,2,264,20
2019,2,267,12
2019,2,281,4
2019,2,287,76
2019,2,290,2
2019,2,293,311
2019,2,297,21
2019,2,300,1
2019,2,319,22
2019,2,333,6
2019,2,339,10
2019,2,358,8
2019,2,368,59
2019,2,371,18
2019,2,373,28
2019,2,380,1
2019,2,385,63
2019,2,390,9
2019,2,398,26
2019,2,400,25
2019,2,403,1
2019,2,407,1
2019,2,410,2
2019,2,412,43
2019,2,419,4
2019,2,422,1
2019,2,425,4
2019,2,431,18
2019,2,441,9
2019,3,20,30
2019,3,21,1
2019,3,84,24
2019,3,114,93
2019,3,135,12
2019,3,152,12
2019,3,171,73
2019,3,182,52
2019,3,184,90
2019,3,190,7
2019,3,200,14
2019,3,223,7
2019,3,224,1
2019,3,234,38
2019,3,244,10
2019,3,245,2
2019,3,246,25
2019,3,251,5
2019,3,264,24
2019,3,267,9
2019,3,281,9
2019,3,287,102
2019,3,293,335
2019,3,297,20
2019,3,319,22
2019,3,333,2
2019,3,339,6
2019,3,353,1
2019,3,358,4
2019,3,368,37
2019,3,371,15
2019,3,373,34
2019,3,376,1
2019,3,385,67
2019,3,388,2
2019,3,390,8
2019,3,398,23
2019,3,400,34
2019,3,403,2
2019,3,410,3
2019,3,412,19
2019,3,416,13
2019,3,419,3
2019,3,420,1
2019,3,422,1
2019,3,425,3
2019,3,426,1
2019,3,431,16
2019,3,441,2
2019,3,443,1
2019,3,446,2
2019,4,20,21
2019,4,21,1
2019,4,84,43
2019,4,114,80
2019,4,135,26
2019,4,152,15
2019,4,171,44
2019,4,182,76
2019,4,184,49
2019,4,190,10
2019,4,200,13
2019,4,223,9
2019,4,234,36
2019,4,244,13
2019,4,245,3
2019,4,246,41
2019,4,251,6
2019,4,264,19
2019,4,267,33
2019,4,281,2
2019,4,287,60
2019,4,293,354
2019,4,297,12
2019,4,319,24
2019,4,333,3
2019,4,339,3
2019,4,358,2
2019,4,364,1
2019,4,368,27
2019,4,371,24
2019,4,373,35
2019,4,379,3
2019,4,385,65
2019,4,386,6
2019,4,388,2
2019,4,390,5
2019,4,391,1
2019,4,398,24
2019,4,400,39
2019,4,403,5
2019,4,412,19
2019,4,416,4
2019,4,417,2
2019,4,419,6
2019,4,422,1
2019,4,423,2
2019,4,426,4
2019,4,431,13
2019,4,441,3
2019,4,443,3
2019,5,20,9
2019,5,21,1
2019,5,84,28
2019,5,114,57
2019,5,135,8
2019,5,152,9
2019,5,171,22
2019,5,182,43
2019,5,184,34
2019,5,190,2
2019,5,200,7
2019,5,223,1
2019,5,224,5
2019,5,234,24
2019,5,244,2
2019,5,245,3
2019,5,246,26
2019,5,251,6
2019,5,264,34
2019,5,267,7
2019,5,281,3
2019,5,287,42
2019,5,290,1
2019,5,293,200
2019,5,297,18
2019,5,300,1
2019,5,319,17
2019,5,339,2
2019,5,358,6
2019,5,368,8
2019,5,371,6
2019,5,373,12
2019,5,379,1
2019,5,385,68
2019,5,398,13
2019,5,400,18
2019,5,403,14
2019,5,407,2
2019,5,410,4
2019,5,412,14
2019,5,419,8
2019,5,420,1
2019,5,431,9
2019,5,441,3
2019,5,443,1
2019,5,446,1
2019,5,450,80
2019,6,20,12
2019,6,84,11
2019,6,114,117
2019,6,135,22
2019,6,152,1
2019,6,171,44
2019,6,182,15
2019,6,184,46
2019,6,190,6
2019,6,200,9
2019,6,223,2
2019,6,224,3
2019,6,234,34
2019,6,244,10
2019,6,245,2
2019,6,246,40
2019,6,251,4
2019,6,264,32
2019,6,267,11
2019,6,281,8
2019,6,287,55
2019,6,293,169
2019,6,297,26
2019,6,319,28
2019,6,333,1
2019,6,339,4
2019,6,358,6
2019,6,364,1
2019,6,368,32
2019,6,371,22
2019,6,373,31
2019,6,385,49
2019,6,390,5
2019,6,398,20
2019,6,400,17
2019,6,403,1
2019,6,407,1
2019,6,410,1
2019,6,412,15
2019,6,416,2
2019,6,419,4
2019,6,420,1
2019,6,423,1
2019,6,425,2
2019,6,426,1
2019,6,431,10
2019,6,450,150
2019,7,20,9
2019,7,21,1
2019,7,84,33
2019,7,114,70
2019,7,135,13
2019,7,152,3
2019,7,171,58
2019,7,182,66
2019,7,184,51
2019,7,190,7
2019,7,200,8
2019,7,223,2
2019,7,224,22
2019,7,234,39
2019,7,244,7
2019,7,245,4
2019,7,246,23
2019,7,251,1
2019,7,264,28
2019,7,267,14
2019,7,281,8
2019,7,287,31
2019,7,293,334
2019,7,297,15
2019,7,319,24
2019,7,333,1
2019,7,339,3
2019,7,358,8
2019,7,368,25
2019,7,371,19
2019,7,373,41
2019,7,376,1
2019,7,379,1
2019,7,385,71
2019,7,390,6
2019,7,398,30
2019,7,400,30
2019,7,403,5
2019,7,408,1
2019,7,410,3
2019,7,412,25
2019,7,416,1
2019,7,419,4
2019,7,425,1
2019,7,426,1
2019,7,431,10
2019,7,441,3
2019,7,442,1
2019,7,443,2
2019,7,450,68
2019,8,20,12
2019,8,21,2
2019,8,84,17
2019,8,114,82
2019,8,135,12
2019,8,171,25
2019,8,182,61
2019,8,184,45
2019,8,190,10
2019,8,200,23
2019,8,223,6
2019,8,224,3
2019,8,234,29
2019,8,244,14
2019,8,245,4
2019,8,246,28
2019,8,251,1
2019,8,264,22
2019,8,267,2
2019,8,281,2
2019,8,287,41
2019,8,293,310
2019,8,297,12
2019,8,319,6
2019,8,333,1
2019,8,358,5
2019,8,368,20
2019,8,371,14
2019,8,373,15
2019,8,385,68
2019,8,390,1
2019,8,397,1
2019,8,398,19
2019,8,400,19
2019,8,403,6
2019,8,410,3
2019,8,412,32
2019,8,416,2
2019,8,419,4
2019,8,422,1
2019,8,423,2
2019,8,425,1
2019,8,426,2
2019,8,431,10
2019,8,441,4
2019,8,442,1
2019,8,443,5
2019,8,450,35
2019,9,20,12
2019,9,21,3
2019,9,84,24
2019,9,114,80
2019,9,135,17
2019,9,152,6
2019,9,171,71
2019,9,182,49
2019,9,184,47
2019,9,190,11
2019,9,200,31
2019,9,223,22
2019,9,234,25
2019,9,244,9
2019,9,245,3
2019,9,246,29
2019,9,251,1
2019,9,264,19
2019,9,267,4
2019,9,281,5
2019,9,287,30
2019,9,293,331
2019,9,297,19
2019,9,319,26
2019,9,333,3
2019,9,339,1
2019,9,358,5
2019,9,364,1
2019,9,368,33
2019,9,371,20
2019,9,373,10
2019,9,385,61
2019,9,390,4
2019,9,391,1
2019,9,398,14
2019,9,400,46
2019,9,403,4
2019,9,408,1
2019,9,410,2
2019,9,412,43
2019,9,416,5
2019,9,419,7
2019,9,422,3
2019,9,425,6
2019,9,431,3
2019,9,442,1
2019,9,443,3
2019,9,446,1
2019,9,450,18
2019,10,20,6
2019,10,21,1
2019,10,84,19
2019,10,114,73
2019,10,135,21
2019,10,152,4
2019,10,171,52
2019,10,182,36
2019,10,184,30
2019,10,190,13
2019,10,200,12
2019,10,223,10
2019,10,224,2
2019,10,234,12
2019,10,244,7
2019,10,245,1
2019,10,246,31
2019,10,264,26
2019,10,267,2
2019,10,281,6
2019,10,287,11
2019,10,293,236
2019,10,297,8
2019,10,300,1
2019,10,319,26
2019,10,333,2
2019,10,339,5
2019,10,347,3
2019,10,358,1
2019,10,368,31
2019,10,371,7
2019,10,373,20
2019,10,379,1
2019,10,385,57
2019,10,390,3
2019,10,391,4
2019,10,398,11
2019,10,400,44
2019,10,403,5
2019,10,408,2
2019,10,410,1
2019,10,412,85
2019,10,416,11
2019,10,419,5
2019,10,422,3
2019,10,425,4
2019,10,426,1
2019,10,428,1
2019,10,431,2
2019,10,435,1
2019,10,441,4
2019,10,450,33
2019,10,453,1
2019,10,455,1
2019,11,20,19
2019,11,84,30
2019,11,114,68
2019,11,135,20
2019,11,152,5
2019,11,171,72
2019,11,182,30
2019,11,184,24
2019,11,190,12
2019,11,200,11
2019,11,223,5
2019,11,224,2
2019,11,234,16
2019,11,244,3
2019,11,245,1
2019,11,246,45
2019,11,251,8
2019,11,264,32
2019,11,267,3
2019,11,281,1
2019,11,287,28
2019,11,293,211
2019,11,297,21
2019,11,319,37
2019,11,339,1
2019,11,358,2
2019,11,368,42
2019,11,371,6
2019,11,373,23
2019,11,385,61
2019,11,390,2
2019,11,391,8
2019,11,398,19
2019,11,400,50
2019,11,403,3
2019,11,408,2
2019,11,410,5
2019,11,412,87
2019,11,416,13
2019,11,419,6
2019,11,422,2
2019,11,423,2
2019,11,425,1
2019,11,426,4
2019,11,431,23
2019,11,441,3
2019,11,442,1
2019,11,450,42
2019,11,453,1
2019,12,20,16
2019,12,21,1
2019,12,84,34
2019,12,114,64
2019,12,135,21
2019,12,152,11
2019,12,171,22
2019,12,182,40
2019,12,184,34
2019,12,190,10
2019,12,200,19
2019,12,223,16
2019,12,224,11
2019,12,234,24
2019,12,244,16
2019,12,245,2
2019,12,246,32
2019,12,251,1
2019,12,264,30
2019,12,267,6
2019,12,281,5
2019,12,287,54
2019,12,293,237
2019,12,297,18
2019,12,300,5
2019,12,319,21
2019,12,339,2
2019,12,358,2
2019,12,368,31
2019,12,371,12
2019,12,373,41
2019,12,385,68
2019,12,390,4
2019,12,391,15
2019,12,398,15
2019,12,400,32
2019,12,403,1
2019,12,408,2
2019,12,410,6
2019,12,412,76
2019,12,416,23
2019,12,419,5
2019,12,422,2
2019,12,423,2
2019,12,425,3
2019,12,426,1
2019,12,428,1
2019,12,431,5
2019,12,435,1
2019,12,441,3
2019,12,442,1
2019,12,446,1
2019,12,450,35
2019,12,453,5
2020,1,20,15
2020,1,84,35
2020,1,114,32
2020,1,135,22
2020,1,152,5
2020,1,171,100
2020,1,182,36
2020,1,184,25
2020,1,190,9
2020,1,200,27
2020,1,223,15
2020,1,224,2
2020,1,234,43
2020,1,244,10
2020,1,245,3
2020,1,246,28
2020,1,264,35
2020,1,267,8
2020,1,281,6
2020,1,287,28
2020,1,293,270
2020,1,297,18
2020,1,319,25
2020,1,339,4
2020,1,358,1
2020,1,368,44
2020,1,371,11
2020,1,373,30
2020,1,384,2
2020,1,385,81
2020,1,390,1
2020,1,391,3
2020,1,398,24
2020,1,400,48
2020,1,403,2
2020,1,408,2
2020,1,410,3
2020,1,412,40
2020,1,416,12
2020,1,417,2
2020,1,419,3
2020,1,422,4
2020,1,423,2
2020,1,425,2
2020,1,431,4
2020,1,435,2
2020,1,441,4
2020,1,443,1
2020,1,450,53
2020,1,453,1
2020,2,20,15
2020,2,84,39
2020,2,114,64
2020,2,135,24
2020,2,152,3
2020,2,171,88
2020,2,182,65
2020,2,184,27
2020,2,190,8
2020,2,200,31
2020,2,223,5
2020,2,224,6
2020,2,234,40
2020,2,244,16
2020,2,245,5
2020,2,246,27
2020,2,264,34
2020,2,267,4
2020,2,281,5
2020,2,287,26
2020,2,293,324
2020,2,297,15
2020,2,319,29
2020,2,333,5
2020,2,339,5
2020,2,368,52
2020,2,371,15
2020,2,373,75
2020,2,385,84
2020,2,390,2
2020,2,391,9
2020,2,398,24
2020,2,400,52
2020,2,403,7
2020,2,410,8
2020,2,412,44
2020,2,416,2
2020,2,417,3
2020,2,419,2
2020,2,423,4
2020,2,425,1
2020,2,426,7
2020,2,427,1
2020,2,430,1
2020,2,431,5
2020,2,435,1
2020,2,441,4
2020,2,450,34
2020,2,453,4
2020,2,460,1
2020,3,20,10
2020,3,21,2
2020,3,84,41
2020,3,114,62
2020,3,135,18
2020,3,152,11
2020,3,171,47
2020,3,182,28
2020,3,184,13
2020,3,190,14
2020,3,200,28
2020,3,223,10
2020,3,224,2
2020,3,234,33
2020,3,244,6
2020,3,246,14
2020,3,251,4
2020,3,264,24
2020,3,267,2
2020,3,281,6
2020,3,287,22
2020,3,293,228
2020,3,297,19
2020,3,319,21
2020,3,333,2
2020,3,368,30
2020,3,371,5
2020,3,373,80
2020,3,385,64
2020,3,390,2
2020,3,391,6
2020,3,398,14
2020,3,400,19
2020,3,403,5
2020,3,410,6
2020,3,412,33
2020,3,416,10
2020,3,419,3
2020,3,423,1
2020,3,425,4
2020,3,426,1
2020,3,430,1
2020,3,431,3
2020,3,443,1
2020,3,444,1
2020,3,446,10
2020,3,450,23
2020,3,453,4
2020,3,460,1
2020,5,20,2
2020,5,84,28
2020,5,114,19
2020,5,135,4
2020,5,152,1
2020,5,171,9
2020,5,182,22
2020,5,184,5
2020,5,190,3
2020,5,200,1
2020,5,234,24
2020,5,244,12
2020,5,245,2
2020,5,246,10
2020,5,267,3
2020,5,287,6
2020,5,293,133
2020,5,297,14
2020,5,319,12
2020,5,333,1
2020,5,368,4
2020,5,371,2
2020,5,373,3
2020,5,385,31
2020,5,390,2
2020,5,391,4
2020,5,398,16
2020,5,400,6
2020,5,410,1
2020,5,416,9
2020,5,419,4
2020,5,425,1
2020,5,434,1
2020,5,450,5
2020,6,20,6
2020,6,84,25
2020,6,114,43
2020,6,135,12
2020,6,152,3
2020,6,171,9
2020,6,182,54
2020,6,184,10
2020,6,190,8
2020,6,200,4
2020,6,223,4
2020,6,224,1
2020,6,234,20
2020,6,244,9
2020,6,245,3
2020,6,246,34
2020,6,264,1
2020,6,267,13
2020,6,287,39
2020,6,293,415
2020,6,297,35
2020,6,319,46
2020,6,333,2
2020,6,347,6
2020,6,368,11
2020,6,371,4
2020,6,373,33
2020,6,385,96
2020,6,390,36
2020,6,391,1
2020,6,398,35
2020,6,400,11
2020,6,410,5
2020,6,412,6
2020,6,416,18
2020,6,419,2
2020,6,422,2
2020,6,425,2
2020,6,426,6
2020,6,430,1
2020,6,431,4
2020,6,435,4
2020,6,441,14
2020,6,446,1
2020,6,450,15
2020,6,453,4
2020,7,20,4
2020,7,84,22
2020,7,114,38
2020,7,135,4
2020,7,152,10
2020,7,171,5
2020,7,182,50
2020,7,184,12
2020,7,190,3
2020,7,200,4
2020,7,223,4
2020,7,224,8
2020,7,244,8
2020,7,245,7
2020,7,246,33
2020,7,264,2
2020,7,267,9
2020,7,281,1
2020,7,287,18
2020,7,293,266
2020,7,297,15
2020,7,319,23
2020,7,333,4
2020,7,347,6
2020,7,368,12
2020,7,371,2
2020,7,373,7
2020,7,385,65
2020,7,390,1
2020,7,391,1
2020,7,397,1
2020,7,398,24
2020,7,400,5
2020,7,408,1
2020,7,410,3
2020,7,412,18
2020,7,416,5
2020,7,419,1
2020,7,422,2
2020,7,423,1
2020,7,425,4
2020,7,426,6
2020,7,431,2
2020,7,440,1
2020,7,441,1
2020,7,444,1
2020,7,446,1
2020,7,450,5
2020,7,453,11
2020,7,458,2
2020,8,20,1
2020,8,84,16
2020,8,114,36
2020,8,135,1
2020,8,152,15
2020,8,171,25
2020,8,182,16
2020,8,184,12
2020,8,190,13
2020,8,200,12
2020,8,223,2
2020,8,224,4
2020,8,234,8
2020,8,244,14
2020,8,245,2
2020,8,246,38
2020,8,264,8
2020,8,267,7
2020,8,287,27
2020,8,293,13
2020,8,297,16
2020,8,319,36
2020,8,333,1
2020,8,347,4
2020,8,368,15
2020,8,371,10
2020,8,373,10
2020,8,385,50
2020,8,390,1
2020,8,391,2
2020,8,398,18
2020,8,400,1
2020,8,410,7
2020,8,412,11
2020,8,416,2
2020,8,419,1
2020,8,422,1
2020,8,425,3
2020,8,426,8
2020,8,431,3
2020,8,435,2
2020,8,444,1
2020,8,450,4
2020,8,453,3
2020,9,20,1
2020,9,76,1
2020,9,84,35
2020,9,114,50
2020,9,135,4
2020,9,152,7
2020,9,171,30
2020,9,182,46
2020,9,184,13
2020,9,190,4
2020,9,200,20
2020,9,223,4
2020,9,224,1
2020,9,234,36
2020,9,244,14
2020,9,245,1
2020,9,246,27
2020,9,264,2
2020,9,267,7
2020,9,287,16
2020,9,293,327
2020,9,297,58
2020,9,319,13
2020,9,333,2
2020,9,368,25
2020,9,371,7
2020,9,373,23
2020,9,379,1
2020,9,385,146
2020,9,390,1
2020,9,398,17
2020,9,400,3
2020,9,410,5
2020,9,412,40
2020,9,416,9
2020,9,419,2
2020,9,422,1
2020,9,425,3
2020,9,426,13
2020,9,430,1
2020,9,431,3
2020,9,435,3
2020,9,446,2
2020,9,450,1
2020,9,453,5
2020,10,20,5
2020,10,84,41
2020,10,114,34
2020,10,135,3
2020,10,152,7
2020,10,171,19
2020,10,182,45
2020,10,184,14
2020,10,190,4
2020,10,200,17
2020,10,223,15
2020,10,224,1
2020,10,234,38
2020,10,244,9
2020,10,245,3
2020,10,246,38
2020,10,264,24
2020,10,267,4
2020,10,287,19
2020,10,289,1
2020,10,293,272
2020,10,297,30
2020,10,319,9
2020,10,333,1
2020,10,339,1
2020,10,368,23
2020,10,371,9
2020,10,373,21
2020,10,385,63
2020,10,391,2
2020,10,398,8
2020,10,400,15
2020,10,410,8
2020,10,412,59
2020,10,416,11
2020,10,422,1
2020,10,423,1
2020,10,424,3
2020,10,425,3
2020,10,426,4
2020,10,435,1
2020,10,443,1
2020,10,444,3
2020,10,446,1
2020,10,453,7
2020,11,20,1
2020,11,21,1
2020,11,84,28
2020,11,114,35
2020,11,135,7
2020,11,152,8
2020,11,171,11
2020,11,182,49
2020,11,184,7
2020,11,190,5
2020,11,200,48
2020,11,223,6
2020,11,234,18
2020,11,244,11
2020,11,245,8
2020,11,246,28
2020,11,264,20
2020,11,267,2
2020,11,287,44
2020,11,293,251
2020,11,297,14
2020,11,319,10
2020,11,333,14
2020,11,347,2
2020,11,368,27
2020,11,371,4
2020,11,373,11
2020,11,379,1
2020,11,385,57
2020,11,390,1
2020,11,398,8
2020,11,400,9
2020,11,403,1
2020,11,410,5
2020,11,412,48
2020,11,416,7
2020,11,422,4
2020,11,425,1
2020,11,426,2
2020,11,431,5
2020,11,441,2
2020,11,442,1
2020,11,443,1
2020,11,446,2
2020,11,453,1
2020,11,457,1
2020,11,458,3
2020,12,20,3
2020,12,21,1
2020,12,84,26
2020,12,114,51
2020,12,135,10
2020,12,152,13
2020,12,171,5
2020,12,182,42
2020,12,184,13
2020,12,190,10
2020,12,200,52
2020,12,223,5
2020,12,234,25
2020,12,244,7
2020,12,245,4
2020,12,246,30
2020,12,264,16
2020,12,267,4
2020,12,287,11
2020,12,293,259
2020,12,297,9
2020,12,319,12
2020,12,333,6
2020,12,368,34
2020,12,371,6
2020,12,373,14
2020,12,378,1
2020,12,379,2
2020,12,385,72
2020,12,398,10
2020,12,400,4
2020,12,410,9
2020,12,412,24
2020,12,416,8
2020,12,423,1
2020,12,426,4
2020,12,427,1
2020,12,431,4
2020,12,434,1
2020,12,441,1
2020,12,444,2
2020,12,453,2
2020,12,457,1
2020,12,458,9
2020,12,459,1
2020,12,466,2
2021,1,20,3
2021,1,84,27
2021,1,114,51
2021,1,135,9
2021,1,152,7
2021,1,171,14
2021,1,182,57
2021,1,184,23
2021,1,190,7
2021,1,200,69
2021,1,223,8
2021,1,234,31
2021,1,244,8
2021,1,245,5
2021,1,246,29
2021,1,251,1
2021,1,264,16
2021,1,287,19
2021,1,293,254
2021,1,297,21
2021,1,319,23
2021,1,333,4
2021,1,368,30
2021,1,371,18
2021,1,373,36
2021,1,385,56
2021,1,390,4
2021,1,398,8
2021,1,400,3
2021,1,403,1
2021,1,410,8
2021,1,412,24
2021,1,413,1
2021,1,416,11
2021,1,426,3
2021,1,431,5
2021,1,443,1
2021,1,444,2
2021,1,455,2
2021,1,458,21
2021,1,466,6
2021,1,467,1
2021,1,471,6
2021,1,472,1
2021,2,20,4
2021,2,84,17
2021,2,114,37
2021,2,135,5
2021,2,152,3
2021,2,171,9
2021,2,182,59
2021,2,184,13
2021,2,190,3
2021,2,200,29
2021,2,223,6
2021,2,234,20
2021,2,244,6
2021,2,245,1
2021,2,246,32
2021,2,264,23
2021,2,267,1
2021,2,287,6
2021,2,293,262
2021,2,297,14
2021,2,319,26
2021,2,333,12
2021,2,353,2
2021,2,368,7
2021,2,371,8
2021,2,373,29
2021,2,385,38
2021,2,390,8
2021,2,398,6
2021,2,400,2
2021,2,410,7
2021,2,412,29
2021,2,416,16
2021,2,426,5
2021,2,431,1
2021,2,441,5
2021,2,446,2
2021,2,458,20
2021,2,466,16
2021,2,471,12
2021,2,472,1
2021,3,20,6
2021,3,84,13
2021,3,114,40
2021,3,135,13
2021,3,152,12
2021,3,171,10
2021,3,182,67
2021,3,184,22
2021,3,190,1
2021,3,200,44
2021,3,223,7
2021,3,224,1
2021,3,234,49
2021,3,244,5
2021,3,245,5
2021,3,246,35
2021,3,251,5
2021,3,264,27
2021,3,267,11
2021,3,287,15
2021,3,293,240
2021,3,297,9
2021,3,319,35
2021,3,333,8
2021,3,368,41
2021,3,371,9
2021,3,373,9
2021,3,385,44
2021,3,390,2
2021,3,398,13
2021,3,400,5
2021,3,410,5
2021,3,412,47
2021,3,416,14
2021,3,419,8
2021,3,422,1
2021,3,423,1
2021,3,426,6
2021,3,431,1
2021,3,441,9
2021,3,443,1
2021,3,450,1
2021,3,458,11
2021,3,466,13
2021,3,471,34
2021,3,472,2
2021,4,20,1
2021,4,84,6
2021,4,114,19
2021,4,135,1
2021,4,152,6
2021,4,171,9
2021,4,182,29
2021,4,184,8
2021,4,200,16
2021,4,223,5
2021,4,234,35
2021,4,244,2
2021,4,245,2
2021,4,246,12
2021,4,264,28
2021,4,267,5
2021,4,281,1
2021,4,287,12
2021,4,293,120
2021,4,297,11
2021,4,319,13
2021,4,333,10
2021,4,368,25
2021,4,371,1
2021,4,373,23
2021,4,385,25
2021,4,390,1
2021,4,398,10
2021,4,410,5
2021,4,412,14
2021,4,416,1
2021,4,419,2
2021,4,423,2
2021,4,426,2
2021,4,431,1
2021,4,441,1
2021,4,444,1
2021,4,458,16
2021,4,471,12
2021,4,472,2
2021,5,20,1
2021,5,84,20
2021,5,114,17
2021,5,135,1
2021,5,138,1
2021,5,152,7
2021,5,171,7
2021,5,182,52
2021,5,184,10
2021,5,190,3
2021,5,200,9
2021,5,223,4
2021,5,234,26
2021,5,244,5
2021,5,245,3
2021,5,246,26
2021,5,264,35
2021,5,267,2
2021,5,287,8
2021,5,293,227
2021,5,297,10
2021,5,319,9
2021,5,333,7
2021,5,368,36
2021,5,371,7
2021,5,373,5
2021,5,385,28
2021,5,398,6
2021,5,400,4
2021,5,410,1
2021,5,412,2
2021,5,455,2
2021,5,458,8
2021,5,466,1
2021,5,471,11
2021,5,472,5
2021,6,20,1
2021,6,84,16
2021,6,114,18
2021,6,135,2
2021,6,152,7
2021,6,171,12
2021,6,182,50
2021,6,184,9
2021,6,190,11
2021,6,200,3
2021,6,223,6
2021,6,224,1
2021,6,244,6
2021,6,245,7
2021,6,246,58
2021,6,264,39
2021,6,267,3
2021,6,287,17
2021,6,293,353
2021,6,297,25
2021,6,319,21
2021,6,333,12
2021,6,347,8
2021,6,368,22
2021,6,371,13
2021,6,373,23
2021,6,378,1
2021,6,385,20
2021,6,390,4
2021,6,398,14
2021,6,400,8
2021,6,408,3
2021,6,410,1
2021,6,412,5
2021,6,416,7
2021,6,419,3
2021,6,423,1
2021,6,424,1
2021,6,425,2
2021,6,426,2
2021,6,431,1
2021,6,441,1
2021,6,455,4
2021,6,458,22
2021,6,462,1
2021,6,466,7
2021,6,471,14
2021,6,472,3
2021,7,84,20
2021,7,114,8
2021,7,152,4
2021,7,171,2
2021,7,182,26
2021,7,184,1
2021,7,200,2
2021,7,244,1
2021,7,245,1
2021,7,246,20
2021,7,264,9
2021,7,267,6
2021,7,287,28
2021,7,293,197
2021,7,297,16
2021,7,319,11
2021,7,333,2
2021,7,368,9
2021,7,371,12
2021,7,373,7
2021,7,385,9
2021,7,398,6
2021,7,410,2
2021,7,412,2
2021,7,416,1
2021,7,419,4
2021,7,424,10
2021,7,426,2
2021,7,441,1
2021,7,444,1
2021,7,445,1
2021,7,458,8
2021,7,466,4
2021,7,471,9
2021,7,472,1
2021,8,20,1
2021,8,21,1
2021,8,84,20
2021,8,114,25
2021,8,135,3
2021,8,152,11
2021,8,171,19
2021,8,182,64
2021,8,184,6
2021,8,190,2
2021,8,200,6
2021,8,223,5
2021,8,234,23
2021,8,244,19
2021,8,245,4
2021,8,246,49
2021,8,264,8
2021,8,267,7
2021,8,287,28
2021,8,293,357
2021,8,297,31
2021,8,319,27
2021,8,333,14
2021,8,347,6
2021,8,368,28
2021,8,371,9
2021,8,373,10
2021,8,379,1
2021,8,385,7
2021,8,393,1
2021,8,398,4
2021,8,400,1
2021,8,410,6
2021,8,412,3
2021,8,416,29
2021,8,419,8
2021,8,423,2
2021,8,425,1
2021,8,426,3
2021,8,431,1
2021,8,441,1
2021,8,444,1
2021,8,445,1
2021,8,449,1
2021,8,455,1
2021,8,458,6
2021,8,466,3
2021,8,467,2
2021,8,471,28
2021,8,472,3
2021,9,20,4
2021,9,21,1
2021,9,84,24
2021,9,114,22
2021,9,135,6
2021,9,152,14
2021,9,171,13
2021,9,182,54
2021,9,184,6
2021,9,190,2
2021,9,200,9
2021,9,223,5
2021,9,234,46
2021,9,244,29
2021,9,245,8
2021,9,246,66
2021,9,251,1
2021,9,264,33
2021,9,267,6
2021,9,287,43
2021,9,293,439
2021,9,297,24
2021,9,319,17
2021,9,333,21
2021,9,347,6
2021,9,368,36
2021,9,371,26
2021,9,373,34
2021,9,385,5
2021,9,400,2
2021,9,405,1
2021,9,410,4
2021,9,412,20
2021,9,416,25
2021,9,419,3
2021,9,423,2
2021,9,425,1
2021,9,426,6
2021,9,431,7
2021,9,444,1
2021,9,445,1
2021,9,446,1
2021,9,455,2
2021,9,458,34
2021,9,466,4
2021,9,471,42
2021,9,472,11
2021,10,20,14
2021,10,84,28
2021,10,114,43
2021,10,135,7
2021,10,152,11
2021,10,171,13
2021,10,182,139
2021,10,184,21
2021,10,200,22
2021,10,223,3
2021,10,234,23
2021,10,244,11
2021,10,245,5
2021,10,246,64
2021,10,251,1
2021,10,264,33
2021,10,267,4
2021,10,281,1
2021,10,287,23
2021,10,293,362
2021,10,297,29
2021,10,319,15
2021,10,347,6
2021,10,368,53
2021,10,371,31
2021,10,373,34
2021,10,398,1
2021,10,405,1
2021,10,410,3
2021,10,412,35
2021,10,416,31
2021,10,419,1
2021,10,425,1
2021,10,426,2
2021,10,431,7
2021,10,445,2
2021,10,455,1
2021,10,458,9
2021,10,465,100
2021,10,466,7
2021,10,467,1
2021,10,470,2
2021,10,471,41
2021,10,472,8
2021,10,476,7
2021,11,20,7
2021,11,21,2
2021,11,84,9
2021,11,114,48
2021,11,135,11
2021,11,152,3
2021,11,171,9
2021,11,182,78
2021,11,184,20
2021,11,200,20
2021,11,223,3
2021,11,224,1
2021,11,234,48
2021,11,246,64
2021,11,251,11
2021,11,264,33
2021,11,267,3
2021,11,281,2
2021,11,287,35
2021,11,293,245
2021,11,297,13
2021,11,319,33
2021,11,328,1
2021,11,347,2
2021,11,368,23
2021,11,371,10
2021,11,373,23
2021,11,398,20
2021,11,400,2
2021,11,405,14
2021,11,410,2
2021,11,412,33
2021,11,416,25
2021,11,419,3
2021,11,425,5
2021,11,426,4
2021,11,431,3
2021,11,445,14
2021,11,455,1
2021,11,458,2
2021,11,465,35
2021,11,466,2
2021,11,471,30
2021,11,472,3
2021,11,476,11
2021,12,20,2
2021,12,84,7
2021,12,114,44
2021,12,135,6
2021,12,152,1
2021,12,171,12
2021,12,182,49
2021,12,184,11
2021,12,190,12
2021,12,200,10
2021,12,223,2
2021,12,234,48
2021,12,245,4
2021,12,246,40
2021,12,264,10
2021,12,281,3
2021,12,293,129
2021,12,297,9
2021,12,319,10
2021,12,368,15
2021,12,371,5
2021,12,373,10
2021,12,385,1
2021,12,398,16
2021,12,405,1
2021,12,410,1
2021,12,412,13
2021,12,416,7
2021,12,419,5
2021,12,423,1
2021,12,425,1
2021,12,426,1
2021,12,445,1
2021,12,458,2
2021,12,465,14
2021,12,466,5
2021,12,471,10
2021,12,472,1
2021,12,476,10
